[,0,0,0,0,0,0,0,0,0,3,0,0,0,0,0,0,253,175,192,154,192,56,62,90,92,61,20,52,73,69,77,214,144,140,126,201,50,55,86,84,51,16,42,55,60,61,290,166,143,136,135,60,68,95,104,67,20,61,81,81,92,165,103,79,78,72,147,32,"39
",60,59,34,10,33,44,48,51,149,99,101,101,97,225,42,46,61,"68
",44,14,42,52,61,57,15,11,16,11,9,12,10,9,21,39,31,"1
",6,8,11,8,18,18,22,22,17,19,15,17,32,50,28,2,24,"26
",42,38,41,34,41,36,30,31,21,21,27,38,26,5,31,54,64,"57
",40,44,63,40,41,44,34,40,48,68,40,7,32,62,72,51,20,"21
",25,20,21,21,25,28,27,38,21,2,19,33,38,29,54,60,57,"45
",66,54,49,71,83,108,65,10,45,66,66,70,21,24,25,21,27,"24
",27,33,43,55,32,4,35,66,52,44,35,36,41,32,46,36,52,"63
",75,95,59,7,35,49,46,47,30,31,47,32,46,31,34,35,52,"63
",47,5,27,43,45,39,51,61,60,47,64,48,42,48,75,94,70,"9
",50,68,67,59,28,35,47,38,47,31,35,30,29,40,25,6,35,"38
",62,47,42,47,68,57,68,50,68,55,65,99,56,8,52,49,65,"61
",34,38,53,44,64,42,43,36,47,58,35,6,40,43,55,53,40,"43
",58,49,61,51,59,41,67,81,53,8,49,56,73,78,32,37,48,"45
",59,41,38,31,48,58,36,7,34,40,57,67,41,55,57,62,62,"51
",59,56,43,77,50,8,40,49,56,65,19,24,29,26,30,25,32,"31
",22,39,22,3,21,25,33,44,41,55,57,56,61,47,64,69,45,"74
",57,8,55,47,65,75,44,49,59,53,55,40,57,61,38,68,48,"7
",47,39,59,61,36,45,51,47,49,40,51,55,41,69,53,8,47,"43
",60,63,38,47,62,52,41,45,41,40,58,81,54,8,46,44,50,"49
",41,45,64,49,36,40,30,32,50,68,46,5,35,34,45,43,32,"36
",44,42,39,40,32,30,48,59,41,5,32,35,70,68,51,49,60,"65
",45,49,36,35,55,68,57,8,38,41,72,72,20,22,30,25,19,"23
",17,17,29,33,26,3,20,25,51,47,0,0,2,0,0,1,0,"0
",0,0,0,0,0,1,0,0]
[,0,0,0,0,0,0,0,0,0,0,0,0,0,0,0,2,253,178,192,154,196,56,61,89,90,65,20,49,73,68,76,214,144,141,124,201,49,55,85,84,51,16,42,55,57,61,292,166,143,139,135,64,68,95,104,66,21,60,81,81,91,165,102,79,74,70,147,32,"37
",52,59,34,10,32,41,45,51,149,98,101,100,97,231,42,45,61,"67
",44,13,41,52,58,57,14,12,15,12,9,12,9,9,20,45,25,"2
",6,9,11,13,17,19,23,21,19,19,15,17,31,50,28,2,20,"26
",44,39,34,34,46,33,32,31,20,21,26,37,25,5,29,53,65,"57
",40,45,54,43,43,41,34,40,46,61,41,6,31,62,72,58,22,"21
",25,24,24,20,24,26,26,35,24,3,19,33,38,29,54,60,59,"45
",65,55,49,66,83,106,63,10,45,66,66,74,21,23,25,21,26,"23
",25,30,43,52,32,4,35,65,52,43,33,43,41,32,45,37,52,"63
",75,95,59,7,33,49,49,51,27,29,34,29,47,31,32,35,51,"61
",47,6,24,38,39,39,53,59,60,46,63,47,46,47,74,96,70,"9
",47,68,68,58,28,35,47,36,49,31,35,29,29,40,25,5,30,"38
",62,44,47,47,72,68,69,52,75,58,63,102,55,9,50,52,67,"61
",34,38,53,45,63,42,43,33,46,58,33,6,40,41,53,51,42,"43
",64,50,61,51,54,43,66,81,52,9,48,57,72,78,32,37,51,"45
",57,41,38,31,45,58,35,6,34,40,53,67,39,52,57,60,61,"49
",57,54,43,80,50,7,38,48,56,65,17,27,25,27,23,24,31,"32
",19,38,23,3,19,26,35,45,40,54,56,56,62,47,64,69,43,"80
",56,9,52,47,65,79,41,46,50,50,54,40,57,59,40,73,46,"8
",46,45,58,60,35,43,50,49,49,40,52,54,40,73,55,7,47,"44
",57,62,38,44,62,48,39,44,39,39,56,81,53,7,45,43,50,"49
",39,45,62,48,35,40,30,31,50,73,44,5,35,33,44,42,31,"34
",44,41,32,40,31,30,44,58,41,6,32,38,68,67,42,49,60,"56
",41,49,36,35,54,67,59,7,38,41,78,71,20,24,29,24,19,"21
",16,16,24,32,26,3,18,22,53,48,0,0,0,0,0,0,2,"5
",0,0,0,0,0,0,0,0]
[,0,0,0,0,0,0,0,2,0,0,0,0,1,1,0,0,253,181,197,159,195,58,63,89,90,63,19,49,73,68,76,216,143,146,127,210,50,55,86,86,51,17,43,56,57,61,300,171,159,149,144,65,71,97,103,66,21,60,83,82,91,168,102,80,76,70,147,33,"37
",52,59,34,10,32,41,45,51,156,99,107,101,103,231,44,46,61,"67
",44,15,41,52,62,57,14,13,16,12,9,12,10,9,22,39,27,"1
",6,9,12,11,17,17,20,21,16,19,16,24,31,50,28,2,20,"26
",42,38,34,34,41,33,30,30,20,21,26,37,24,4,29,56,63,"57
",41,49,54,40,40,40,36,40,45,61,42,7,32,62,70,51,19,"21
",25,19,21,20,24,26,26,35,21,2,19,33,38,29,54,59,57,"45
",65,55,50,67,87,106,64,10,45,66,66,70,22,32,25,21,25,"23
",27,30,43,52,32,5,35,65,52,44,33,36,41,32,42,36,52,"62
",75,95,65,8,33,49,47,46,27,36,36,29,51,35,36,35,51,"62
",49,5,24,37,39,39,49,59,60,46,63,47,44,48,75,94,72,"9
",50,70,67,58,29,38,50,35,50,31,37,23,29,40,25,5,30,"38
",62,44,42,50,72,62,76,51,77,55,63,99,58,9,50,52,65,"60
",35,38,53,47,63,42,45,35,46,59,33,7,40,42,53,51,41,"43
",57,49,61,51,55,41,68,84,52,8,48,56,72,78,36,36,48,"45
",57,41,39,30,45,58,35,6,34,41,53,67,39,52,57,60,60,"49
",57,55,43,75,50,8,38,48,54,64,17,27,24,23,27,20,32,"34
",21,37,25,3,18,26,30,45,48,57,56,56,61,47,64,71,43,"80
",55,8,52,47,65,74,35,46,50,50,54,40,57,63,38,72,46,"7
",46,39,61,60,38,46,50,48,52,40,50,58,41,71,53,8,47,"44
",59,65,38,44,62,48,40,44,39,39,56,81,53,7,45,42,51,"49
",42,45,63,48,35,40,30,31,50,68,46,5,35,38,45,44,31,"34
",44,44,33,40,32,30,47,58,42,6,32,37,69,66,42,49,60,"56
",40,49,36,35,55,70,62,7,38,46,71,73,20,22,31,25,19,"26
",15,16,24,32,26,3,18,21,55,48,0,0,0,0,0,0,0,"0
",0,0,0,0,0,0,0,0]
[,0,0,0,0,0,0,0,0,0,0,0,0,0,0,0,0,253,198,206,163,197,55,61,92,95,61,21,49,73,70,76,221,158,165,137,216,52,56,85,95,55,18,44,55,57,61,306,186,168,160,155,66,72,97,109,68,22,60,83,83,91,168,112,89,83,73,160,33,"37
",52,59,38,11,32,44,45,51,161,109,109,111,108,234,47,46,64,"70
",45,15,43,53,61,58,15,12,17,17,18,12,8,15,22,40,28,"0
",6,10,11,9,17,16,20,21,16,19,16,17,31,50,30,3,23,"26
",42,38,34,34,41,36,31,30,23,22,26,37,24,5,29,53,63,"57
",40,44,54,41,39,40,36,40,45,61,42,7,33,62,74,51,19,"22
",25,19,21,20,24,26,26,35,21,2,19,33,38,29,54,59,60,"45
",65,54,51,66,84,106,67,10,45,66,66,70,21,23,24,21,25,"23
",26,30,43,52,32,4,35,65,54,43,33,42,45,32,43,36,52,"61
",75,95,59,8,33,49,47,46,27,29,32,29,46,31,33,35,51,"63
",50,4,24,37,41,39,49,59,60,46,63,47,41,46,74,94,69,"9
",47,68,67,58,28,37,47,36,47,31,39,23,32,40,25,5,30,"45
",63,44,42,50,67,56,67,51,70,54,63,100,53,9,50,49,66,"60
",34,38,53,47,63,42,43,32,46,58,33,6,40,43,54,51,42,"43
",56,49,61,52,58,43,66,85,52,8,48,57,72,78,32,36,48,"45
",57,41,39,30,45,60,35,6,34,40,53,68,41,52,62,60,61,"49
",57,57,43,78,52,8,43,48,59,64,21,30,24,24,27,23,29,"29
",19,39,24,3,18,23,32,42,40,54,56,56,61,47,64,69,43,"79
",55,8,52,47,69,74,41,46,50,51,55,42,57,60,38,67,46,"7
",46,39,57,60,35,43,50,47,50,40,50,54,40,71,53,10,47,"46
",59,62,38,49,62,48,39,44,39,39,56,81,58,7,45,44,52,"49
",39,45,62,48,37,41,30,31,50,68,44,5,35,33,44,42,31,"35
",55,41,32,43,31,30,44,63,41,7,32,35,67,65,46,49,68,"56
",47,49,36,35,54,70,57,7,38,41,71,71,20,22,28,24,19,"22
",15,16,25,32,26,3,19,23,50,47,0,0,0,0,0,0,0,"0
",0,1,0,0,0,0,0,0]
[,0,0,0,0,0,0,0,0,0,0,0,0,1,0,0,0,253,192,204,164,196,61,63,91,93,62,21,51,75,70,76,223,154,168,134,212,51,60,87,97,51,19,45,67,62,62,305,183,171,161,155,67,72,99,108,70,23,62,84,84,91,169,108,91,84,82,151,43,"39
",52,60,36,11,32,44,48,51,162,109,109,110,107,232,46,47,61,"70
",46,14,41,56,59,57,14,12,15,13,11,12,10,10,23,39,25,"0
",6,9,11,9,17,17,20,24,19,20,18,18,31,50,28,2,22,"26
",47,38,34,34,41,33,30,30,20,21,26,37,25,4,29,55,63,"58
",48,46,54,43,42,41,43,41,45,62,40,7,33,63,71,53,19,"21
",25,19,21,20,24,26,26,35,21,2,19,33,38,29,54,59,57,"45
",65,55,49,66,88,106,62,9,45,66,67,70,21,23,29,21,25,"23
",26,30,45,52,32,4,35,68,52,43,33,36,41,32,42,36,52,"61
",74,95,59,6,33,49,47,46,34,31,41,35,46,31,32,37,51,"61
",47,5,27,37,41,39,49,59,60,48,63,47,41,47,76,96,76,"10
",49,68,67,65,28,37,46,38,48,31,37,23,30,40,25,5,30,"38
",62,44,42,48,66,58,69,52,71,54,66,102,54,9,51,50,72,"64
",34,38,53,49,68,42,43,32,46,59,36,7,40,43,53,51,41,"45
",57,49,62,52,54,41,67,87,52,8,48,57,74,79,32,39,51,"45
",60,47,37,40,45,61,39,7,34,40,56,67,41,52,57,60,60,"53
",60,61,43,80,50,8,38,48,56,64,17,24,24,23,27,22,30,"31
",21,44,23,3,18,23,37,42,40,61,56,59,61,48,64,76,43,"79
",55,8,52,47,69,74,36,46,50,50,55,41,57,63,38,75,46,"7
",46,39,57,60,36,45,50,47,52,43,50,57,41,77,53,7,48,"43
",60,63,42,46,62,48,39,51,40,39,56,81,53,7,45,42,50,"49
",40,46,62,48,36,41,30,31,50,68,44,6,38,34,44,42,32,"37
",44,43,34,41,33,30,49,57,47,5,32,38,67,65,42,49,60,"56
",42,49,36,35,54,67,57,7,38,42,71,71,20,23,28,24,19,"21
",16,16,24,32,27,3,20,21,50,48,0,0,0,0,0,0,0,"0
",0,0,0,0,0,0,0,0]
[,0,0,0,0,0,0,0,0,0,3,6,0,0,0,0,0,253,192,214,166,199,64,61,89,90,61,21,50,73,69,76,224,158,165,139,217,54,61,88,88,55,18,46,60,60,61,306,182,172,165,158,68,73,99,103,69,25,73,85,84,91,169,108,89,84,80,157,35,"38
",53,59,35,12,32,43,47,51,162,108,120,118,112,232,49,48,67,"70
",45,15,45,54,60,57,14,11,15,11,9,12,8,10,20,40,25,"0
",6,10,14,10,17,16,25,21,17,19,15,17,31,50,30,3,20,"26
",42,38,34,34,41,33,30,30,20,21,26,37,24,4,29,53,63,"57
",40,45,54,42,43,40,35,40,45,61,42,7,32,62,71,52,19,"21
",27,19,21,20,24,26,26,35,21,2,19,33,38,29,54,59,57,"46
",65,54,49,66,84,106,64,9,45,66,68,70,21,23,28,23,25,"23
",26,31,45,52,35,5,35,67,54,43,33,36,41,33,42,39,57,"61
",75,95,59,7,33,49,46,46,27,29,32,30,46,31,32,36,52,"63
",48,5,25,39,42,42,50,60,60,51,63,47,41,48,77,98,71,"9
",49,70,67,58,28,36,46,34,47,31,36,23,29,42,25,7,30,"38
",62,44,42,56,65,55,67,52,75,54,65,110,57,11,56,53,70,"61
",34,38,53,44,63,42,45,32,48,62,33,7,40,42,55,51,40,"43
",59,49,61,60,52,41,67,85,53,8,48,59,73,78,34,49,51,"45
",57,41,39,33,45,62,36,6,34,40,56,69,40,55,57,60,62,"49
",57,58,43,85,50,8,40,48,54,64,19,27,26,25,24,21,29,"32
",19,43,24,3,22,23,37,42,40,56,56,56,63,47,65,75,45,"83
",56,8,52,47,68,74,64,47,50,50,55,40,57,62,41,83,46,"7
",46,40,57,60,35,43,50,47,51,43,51,56,41,77,53,7,47,"46
",58,62,38,47,62,48,44,45,39,40,56,83,53,7,47,43,50,"49
",40,51,62,49,35,43,30,31,50,70,44,6,35,33,44,42,31,"36
",44,41,33,41,33,30,44,57,41,6,32,35,67,65,43,49,60,"56
",42,51,36,35,54,71,58,7,38,46,71,71,20,22,29,24,19,"21
",16,16,24,32,27,3,18,21,50,47,0,0,0,0,0,0,0,"0
",0,0,0,0,0,0,0,0]
[,0,0,0,0,0,0,4,0,0,0,0,1,4,0,0,0,253,195,209,170,202,60,64,92,92,63,21,52,74,72,76,221,158,167,139,220,54,56,88,86,56,17,45,60,62,62,305,184,173,163,157,67,72,99,107,71,24,60,85,83,91,165,105,89,79,87,159,37,"42
",52,59,34,11,33,41,46,51,163,111,113,116,112,237,48,47,67,"71
",44,15,43,54,59,61,16,12,16,12,10,21,9,10,21,39,25,"1
",7,8,11,9,17,16,20,21,16,19,16,17,33,50,28,2,24,"26
",42,41,34,34,41,33,30,30,20,21,26,37,24,4,29,53,63,"57
",40,44,54,40,39,42,34,40,45,61,40,6,31,62,72,51,19,"21
",25,19,21,20,24,26,26,35,21,3,19,33,38,29,54,59,57,"45
",70,55,49,66,86,106,62,10,45,66,66,71,21,27,24,21,26,"28
",27,30,45,57,42,6,39,71,58,57,33,37,41,32,42,36,52,"61
",75,95,59,7,33,49,46,46,28,35,35,30,46,40,33,38,51,"72
",47,6,24,39,41,41,49,59,60,47,63,49,41,48,74,96,69,"9
",48,70,69,64,28,35,46,37,47,32,36,23,29,40,25,5,30,"38
",62,44,42,49,65,59,68,51,75,54,70,104,59,9,51,53,65,"71
",34,43,53,44,64,42,45,32,46,59,37,8,40,42,59,51,39,"44
",56,49,61,52,54,41,66,86,53,8,48,58,74,78,34,43,50,"45
",57,43,37,32,50,63,38,6,41,46,56,67,41,52,57,60,62,"49
",57,59,43,79,52,8,38,48,55,64,19,29,27,26,28,23,30,"30
",27,45,27,3,19,25,36,42,40,54,56,56,61,47,64,82,43,"79
",55,8,52,47,67,74,35,48,50,50,54,40,58,64,38,75,46,"8
",46,39,59,60,36,45,50,49,49,43,52,53,41,75,66,7,47,"45
",60,64,39,45,62,49,41,44,40,39,56,83,55,7,45,43,51,"49
",39,47,62,48,39,40,30,33,50,73,44,6,35,33,45,42,32,"36
",44,41,33,40,35,34,44,63,46,6,32,37,67,65,42,50,60,"56
",41,49,38,35,54,68,58,7,38,42,72,71,20,22,28,24,22,"21
",17,16,24,32,26,2,22,24,50,47,0,0,0,0,0,0,0,"0
",0,0,0,0,0,0,0,0]
[,0,0,1,0,0,0,0,0,0,0,0,0,0,0,0,0,278,186,212,172,204,62,61,90,91,63,21,51,77,72,77,224,159,168,140,222,55,55,88,89,55,17,50,60,57,64,304,182,168,160,160,66,74,99,107,71,24,60,88,84,92,167,108,97,81,79,151,35,"40
",52,62,38,12,32,42,45,51,168,111,114,114,111,237,46,48,63,"70
",48,15,43,58,61,57,17,13,15,11,10,12,9,9,23,43,26,"0
",9,10,11,8,17,16,20,21,16,19,15,17,31,50,28,2,21,"26
",42,38,34,34,41,33,30,30,20,21,26,39,25,5,29,53,63,"57
",40,45,54,49,44,40,41,40,45,61,46,8,31,62,71,51,19,"21
",25,19,22,20,24,26,26,35,21,2,19,33,38,29,54,59,58,"46
",65,54,53,80,91,106,63,9,49,66,66,71,23,23,24,21,26,"23
",27,31,46,56,37,5,40,71,55,45,33,38,41,32,46,36,52,"61
",78,95,59,6,34,49,46,46,27,29,32,31,46,32,35,36,52,"61
",47,5,36,38,41,40,49,59,61,48,63,47,42,46,74,93,69,"9
",50,69,70,59,28,35,46,35,47,37,33,23,29,40,25,5,30,"38
",62,44,44,46,65,55,67,51,73,54,68,103,56,9,52,51,69,"64
",34,39,53,44,63,44,43,37,46,58,33,6,43,41,55,51,39,"43
",56,49,61,51,52,41,66,89,52,9,48,56,75,78,32,38,49,"45
",57,41,38,30,47,60,35,6,36,40,60,67,40,53,57,61,61,"49
",59,54,43,81,54,10,38,48,57,65,19,27,24,24,27,22,29,"29
",19,40,23,3,19,23,33,42,40,54,56,56,61,52,64,69,43,"78
",59,8,52,47,69,74,36,46,50,51,56,40,59,61,43,75,46,"7
",46,40,60,60,35,43,50,47,51,40,52,58,41,77,55,10,47,"43
",58,62,41,44,62,48,40,44,39,39,56,81,53,7,45,42,51,"52
",39,45,62,48,37,40,30,31,50,69,44,5,35,33,44,42,31,"34
",44,41,33,40,35,30,47,59,44,5,32,42,69,65,42,49,60,"56
",40,49,37,35,56,67,58,7,38,42,74,71,20,22,28,24,19,"21
",16,16,24,32,26,3,18,23,50,49,0,1,0,0,0,0,0,"1
",0,12,0,2,1,0,0,0]
[,0,0,0,0,0,0,0,0,0,0,0,0,0,0,0,0,254,196,216,173,200,61,64,94,94,63,22,50,73,70,78,222,157,164,140,222,55,59,87,88,55,18,45,58,66,64,306,177,177,165,157,69,71,95,109,66,23,65,83,85,95,165,106,88,85,79,154,35,"37
",52,59,38,11,33,46,46,54,164,111,108,114,105,241,48,45,65,"74
",46,15,44,55,61,60,18,14,17,15,12,18,8,9,24,39,25,"0
",7,8,11,11,17,17,20,21,16,19,15,17,31,50,28,2,20,"26
",42,38,34,34,41,33,30,30,20,21,26,37,24,5,29,53,63,"57
",40,45,54,41,39,40,35,40,45,61,41,7,33,62,70,54,19,"21
",26,19,23,23,29,26,26,35,21,3,19,33,38,29,54,59,58,"45
",65,54,55,66,85,106,68,12,45,66,67,73,21,24,24,21,25,"24
",26,30,43,52,34,4,39,67,54,43,34,36,41,37,49,36,52,"61
",76,97,64,8,34,49,47,46,27,29,32,29,46,31,34,35,53,"62
",48,5,25,37,40,42,59,59,62,46,64,49,42,46,77,95,70,"9
",49,68,68,60,28,35,46,39,47,31,34,23,31,40,27,5,30,"38
",62,44,46,46,64,67,68,59,73,54,64,105,53,9,51,53,70,"63
",35,40,53,45,63,42,45,32,48,59,33,6,40,47,61,51,39,"45
",57,49,61,51,53,41,66,85,52,8,48,56,75,78,34,39,48,"45
",57,41,38,30,46,63,35,6,34,40,55,67,40,55,60,60,62,"52
",57,59,48,84,52,9,38,48,57,68,22,25,28,24,29,27,33,"31
",23,42,24,3,20,23,36,42,41,56,56,56,62,47,64,75,43,"81
",59,9,52,47,68,74,37,52,55,55,54,48,57,60,40,78,46,"8
",46,39,57,60,36,46,50,48,53,40,50,57,42,78,53,7,47,"45
",60,62,38,44,62,51,43,44,41,39,59,97,55,8,45,45,51,"49
",39,45,65,48,38,42,30,31,51,70,44,6,35,33,45,42,32,"35
",44,41,34,40,33,30,44,55,47,5,32,36,67,65,42,50,60,"56
",40,49,38,35,54,67,60,7,42,41,71,71,20,22,28,24,20,"21
",16,16,24,32,26,3,18,21,50,47,7,0,2,2,1,0,0,"0
",0,0,0,0,0,0,0,0]
[,0,0,0,0,0,0,1,0,0,0,0,0,0,0,0,0,254,192,211,173,198,55,61,90,95,67,22,53,76,73,76,224,159,165,142,225,55,59,90,92,57,18,47,57,61,61,308,184,172,163,159,76,71,96,107,73,22,60,87,83,91,167,109,91,87,82,154,36,"37
",52,59,38,10,32,45,45,51,164,109,114,116,114,237,52,49,65,"72
",48,15,43,56,59,57,17,14,16,14,9,12,12,9,23,40,25,"1
",6,11,15,11,17,16,20,21,16,19,15,17,31,50,28,2,20,"26
",42,38,34,34,41,33,30,30,23,21,26,37,28,4,29,54,63,"60
",40,45,55,44,41,40,35,40,45,61,40,7,31,62,73,56,19,"21
",29,19,22,20,24,26,26,35,22,3,20,33,38,31,54,59,57,"48
",65,54,49,66,83,106,62,9,50,66,66,71,21,23,24,21,27,"24
",26,30,44,52,36,4,36,68,54,46,33,36,41,33,42,36,52,"61
",76,96,59,6,33,49,46,46,27,31,32,31,46,31,32,35,51,"61
",47,5,26,37,39,39,51,59,60,46,63,50,43,46,78,93,69,"9
",50,68,70,59,29,35,46,36,47,31,35,23,29,40,28,5,30,"43
",62,44,42,47,64,56,67,55,77,54,68,105,56,8,53,54,69,"65
",37,38,53,46,63,42,46,32,46,59,33,6,40,41,54,55,40,"44
",57,49,61,51,52,41,69,83,52,9,49,58,74,78,33,36,48,"46
",57,41,39,30,46,61,35,7,35,42,58,70,40,56,57,61,63,"49
",57,57,46,79,52,7,40,51,64,64,23,28,25,28,25,26,29,"29
",19,39,23,4,20,27,36,46,40,55,56,56,62,47,64,72,43,"80
",57,9,52,51,73,74,35,48,50,52,61,45,58,63,42,80,46,"7
",46,42,57,60,37,44,50,48,52,41,51,57,42,77,55,8,47,"47
",61,62,38,46,62,48,42,45,39,39,56,83,57,7,45,42,77,"54
",39,47,62,48,35,40,30,31,50,70,47,6,39,35,44,42,31,"35
",44,41,34,40,32,30,44,58,48,6,33,38,68,65,46,50,65,"56
",40,50,37,35,55,67,64,8,38,41,71,71,20,22,28,24,19,"22
",17,16,24,32,29,3,19,22,50,47,0,0,0,2,0,0,2,"0
",4,10,0,2,0,0,0,0]
[,0,0,0,0,0,0,0,0,0,5,2,0,0,0,2,0,253,194,212,171,201,62,65,93,97,63,22,49,73,79,83,222,156,166,140,228,55,63,93,92,54,18,46,61,63,63,308,185,177,165,160,72,72,101,110,66,23,61,87,86,97,170,109,95,89,82,155,37,"39
",52,59,37,11,34,44,48,52,167,110,114,114,112,239,49,45,61,"72
",47,18,45,55,58,62,19,15,17,13,11,14,9,12,22,41,27,"1
",6,8,11,8,17,16,20,21,16,23,15,17,31,50,29,2,20,"27
",46,40,34,34,41,33,30,30,20,21,26,38,26,6,29,53,63,"59
",40,49,54,45,44,41,34,40,45,61,40,6,31,62,72,54,19,"21
",25,19,21,20,24,26,37,35,21,2,19,33,38,30,54,59,57,"48
",66,55,54,66,83,106,63,9,45,66,66,71,29,23,24,21,25,"23
",27,32,46,52,36,6,39,69,53,43,34,36,41,32,45,37,55,"63
",76,96,61,7,34,51,47,46,27,31,33,31,49,31,35,35,51,"63
",47,5,24,37,42,40,50,59,60,48,65,53,42,46,74,93,71,"9
",50,73,72,61,29,35,46,35,47,31,36,26,29,40,25,5,30,"38
",62,44,43,51,64,57,67,53,70,62,63,102,55,9,51,52,72,"62
",34,45,53,44,63,44,43,35,46,58,33,6,41,43,58,51,39,"43
",56,49,61,51,52,42,66,81,52,8,48,62,72,78,33,41,48,"47
",57,41,38,30,45,63,35,7,38,42,55,69,39,55,57,60,61,"51
",57,58,43,79,50,8,38,48,58,64,23,26,33,26,29,27,30,"27
",28,46,27,4,22,25,41,45,40,55,56,56,63,47,64,72,44,"80
",56,9,52,47,72,74,37,46,50,50,55,40,57,64,40,78,46,"8
",46,42,58,60,35,46,50,47,53,43,50,58,42,82,56,8,47,"49
",63,63,38,46,62,48,44,47,40,39,58,84,54,7,45,43,50,"49
",41,45,62,48,42,42,35,34,54,71,44,7,35,33,44,42,34,"34
",44,41,33,41,32,31,45,57,42,6,32,39,67,65,42,50,60,"56
",41,49,36,35,58,68,63,8,38,46,71,71,20,22,28,24,26,"25
",15,16,24,34,27,2,18,21,51,47,0,0,0,0,0,0,0,"0
",0,0,0,0,0,0,0,0]
[,0,0,0,0,0,3,0,0,0,0,0,0,0,0,0,0,254,194,213,174,201,62,63,91,93,65,21,55,78,72,79,225,159,173,144,226,51,63,92,86,59,18,46,61,61,68,305,184,178,165,161,68,73,100,107,73,24,63,89,84,96,172,103,92,85,83,158,40,"37
",52,59,38,11,32,49,47,58,168,111,117,118,114,240,48,49,66,"74
",48,15,44,59,62,61,14,18,15,16,9,16,8,9,20,39,25,"0
",7,8,11,9,17,16,20,21,16,19,15,17,31,50,28,2,22,"26
",42,38,34,34,41,33,30,30,20,21,26,37,24,4,29,53,63,"58
",40,48,54,43,41,40,34,41,45,61,43,7,33,62,73,51,19,"21
",25,19,22,20,24,26,26,35,21,2,20,33,39,32,54,59,58,"47
",65,54,49,66,83,106,65,9,45,66,68,73,21,23,24,21,25,"23
",25,30,43,52,33,6,37,65,52,51,33,36,41,33,42,36,53,"61
",75,98,62,7,33,49,46,46,27,29,32,29,51,32,32,37,54,"61
",48,4,27,37,39,39,49,59,60,46,63,48,42,46,74,96,69,"9
",48,70,69,60,28,36,46,36,47,31,33,23,29,40,28,5,30,"38
",62,44,42,48,65,57,67,50,75,54,66,102,58,9,52,52,65,"63
",34,38,53,44,65,42,46,32,46,60,35,6,40,44,57,51,39,"44
",61,49,61,51,55,41,66,85,52,8,48,58,72,78,32,40,50,"45
",57,41,40,30,50,65,36,7,34,40,56,69,39,58,57,62,63,"49
",58,57,43,80,51,8,39,48,61,67,19,29,27,25,29,23,31,"29
",21,40,24,3,21,25,37,45,40,55,56,56,62,47,65,73,46,"76
",65,9,52,53,72,74,35,46,50,50,54,40,57,64,39,72,46,"8
",46,41,59,60,35,45,50,47,51,45,50,56,42,73,53,7,49,"54
",59,64,49,45,62,48,43,45,39,40,57,82,56,7,48,45,52,"50
",39,47,62,48,38,41,32,31,51,69,45,6,36,33,44,42,31,"37
",44,41,36,41,37,34,44,64,41,5,37,41,77,67,42,49,60,"56
",44,50,37,35,54,69,62,7,39,44,72,71,20,22,28,24,19,"21
",16,20,24,34,26,3,21,25,51,48,0,0,1,0,0,0,0,"0
",0,0,1,0,0,0,5,6]
[,0,0,0,0,0,0,0,0,0,0,0,0,0,0,0,0,255,197,212,173,204,63,64,92,95,65,22,53,78,71,76,228,159,165,142,223,56,62,89,89,55,19,42,65,62,64,307,185,176,165,162,69,76,100,109,74,23,63,86,87,91,168,113,94,92,86,159,36,"38
",52,59,36,12,33,45,47,51,168,113,116,118,115,240,49,49,65,"72
",45,15,44,59,61,58,15,11,18,13,16,16,9,17,21,39,28,"1
",7,8,11,8,17,16,20,21,16,19,15,17,31,54,29,3,20,"52
",42,38,34,34,41,33,30,30,20,21,26,37,25,4,29,53,63,"57
",40,48,58,51,45,42,36,40,45,64,41,6,32,62,73,54,19,"21
",25,21,21,20,24,26,26,35,21,2,19,33,38,32,56,63,57,"48
",69,56,50,66,85,106,62,10,45,66,67,71,21,23,24,21,25,"23
",25,30,43,52,32,4,35,65,55,43,33,41,42,35,43,37,54,"62
",75,97,62,7,33,49,48,47,29,38,34,35,47,31,32,35,52,"61
",47,5,29,40,42,39,50,59,60,47,63,47,43,46,74,93,69,"9
",47,71,70,61,28,35,49,38,47,31,37,23,29,43,25,5,30,"38
",62,44,43,49,66,60,67,52,74,54,67,105,55,9,55,55,70,"62
",38,40,64,50,64,42,48,35,47,61,36,6,40,41,53,51,39,"43
",56,49,61,51,55,41,67,83,52,8,48,58,72,78,33,40,59,"45
",57,52,37,30,51,61,35,6,34,40,53,69,42,58,57,61,62,"50
",61,61,44,81,50,9,38,48,61,65,21,32,28,27,30,22,30,"31
",21,39,27,3,21,23,38,42,40,63,56,56,61,47,64,72,44,"80
",58,8,52,48,71,74,35,47,50,50,55,42,57,63,38,75,47,"7
",46,41,60,60,35,47,50,48,56,44,59,55,42,78,53,6,47,"47
",59,62,42,44,62,48,43,44,43,39,56,83,56,7,45,45,51,"49
",41,48,62,48,37,40,31,31,51,71,48,6,35,33,45,42,31,"39
",44,41,35,40,31,30,45,58,44,6,33,40,69,65,42,51,60,"56
",42,49,36,35,55,68,64,7,38,41,71,71,20,22,31,24,19,"21
",15,16,24,34,28,3,18,21,50,47,0,0,0,0,0,0,0,"0
",0,0,0,0,0,0,0,0]
[,0,0,0,0,0,2,0,0,0,0,0,0,0,0,0,0,253,196,212,173,203,63,64,91,95,67,22,53,78,71,78,226,161,170,152,227,61,62,91,92,59,18,42,63,62,61,310,193,179,166,164,70,74,101,110,74,23,65,90,85,93,168,111,92,89,84,159,37,"40
",56,59,36,11,35,44,47,51,170,110,115,118,114,242,49,49,65,"73
",50,15,44,62,61,58,14,11,18,16,9,15,8,9,22,41,35,"2
",7,8,14,10,17,16,20,21,16,19,15,17,31,50,29,3,20,"26
",43,39,34,34,41,33,30,31,21,21,26,37,25,5,29,53,63,"57
",41,45,54,45,42,41,36,40,45,65,45,9,32,62,75,55,23,"21
",27,20,21,20,24,26,26,35,21,3,20,33,39,29,54,59,64,"52
",67,54,51,66,87,106,65,9,47,69,68,72,22,23,24,21,27,"23
",27,30,43,53,37,5,38,65,54,44,33,36,44,32,42,40,57,"61
",76,99,63,7,33,49,49,46,28,29,33,29,47,31,34,35,53,"61
",49,5,25,37,43,39,52,59,60,48,64,47,43,46,75,95,70,"9
",49,68,68,60,28,35,46,34,47,31,35,23,29,40,25,5,30,"38
",62,44,42,47,64,55,67,52,76,55,65,105,56,9,54,52,70,"64
",34,38,53,44,63,42,44,32,46,58,35,6,40,44,53,51,41,"43
",56,49,61,51,53,41,66,85,52,8,48,57,72,78,32,37,48,"45
",57,41,38,30,45,58,35,9,34,40,53,69,40,55,57,65,60,"54
",58,55,43,75,50,9,38,50,61,66,19,30,25,25,29,22,30,"29
",22,38,25,3,20,25,35,43,40,54,56,56,63,47,64,74,44,"80
",58,8,52,49,69,74,38,46,50,50,54,40,57,60,38,71,48,"7
",46,42,62,60,36,43,50,47,49,40,52,56,41,75,54,8,47,"48
",60,62,38,44,62,48,43,44,39,39,56,81,58,7,48,42,50,"49
",39,47,62,48,36,40,30,31,51,68,49,6,35,35,44,42,31,"36
",44,41,35,40,33,35,44,55,41,5,32,35,67,65,43,51,60,"56
",42,49,36,35,54,67,62,7,38,43,71,71,20,22,28,24,20,"21
",17,19,25,39,33,2,19,23,50,47,0,0,0,0,0,0,0,"0
",0,0,0,0,0,0,4,0]
[,0,0,0,0,0,0,0,0,0,0,0,0,0,0,0,0,254,201,216,169,198,60,66,92,95,61,21,50,76,73,77,228,162,173,146,229,51,60,95,92,55,20,45,58,62,62,308,185,178,163,162,67,73,101,111,69,23,62,90,85,93,170,111,94,86,82,154,33,"37
",52,59,37,12,35,52,45,51,165,111,111,117,114,242,47,49,65,"75
",48,15,43,59,62,57,18,16,19,13,15,14,8,9,20,39,26,"0
",15,17,11,15,17,16,20,21,16,19,15,17,31,50,28,3,24,"27
",47,46,34,37,41,33,30,30,20,21,26,37,27,5,29,53,63,"57
",40,45,54,43,42,40,34,40,45,61,43,6,32,62,77,57,19,"21
",25,19,21,20,24,26,26,35,21,2,19,33,38,29,57,61,57,"47
",71,54,49,71,99,106,64,9,47,66,68,70,21,23,24,22,26,"23
",25,30,43,52,35,4,35,70,55,48,33,43,41,36,44,38,52,"61
",79,96,64,7,33,53,53,51,28,30,33,32,49,31,36,35,54,"61
",47,4,25,42,43,43,52,59,60,53,64,48,41,48,75,95,69,"9
",48,69,71,62,29,35,46,34,47,31,33,23,38,40,25,5,30,"38
",62,45,43,49,64,58,67,51,67,63,63,98,57,8,51,52,68,"66
",34,38,53,45,63,42,43,35,46,59,34,6,43,43,53,52,39,"45
",56,50,61,52,52,41,66,84,53,8,48,57,72,78,33,37,48,"45
",57,41,37,32,45,59,35,6,34,40,53,67,39,55,57,60,67,"49
",57,54,43,78,50,8,38,48,57,64,17,27,24,27,28,25,29,"30
",21,43,24,3,20,25,34,43,41,56,56,56,61,47,64,71,45,"81
",58,8,52,50,68,75,41,46,50,50,55,42,57,59,38,75,47,"7
",46,41,62,60,36,45,50,47,49,41,50,56,41,77,55,8,47,"50
",59,65,38,44,62,48,43,44,39,39,57,89,57,7,45,44,51,"50
",39,46,62,48,35,40,30,31,51,72,47,6,35,36,44,42,31,"36
",44,41,35,40,31,30,47,55,43,8,32,39,68,68,42,55,60,"56
",42,49,36,35,54,70,61,8,38,43,71,71,20,22,28,24,19,"21
",17,16,25,34,27,4,19,23,52,47,0,1,0,0,0,0,0,"0
",0,0,0,1,0,0,0,0]
[,0,0,0,0,0,0,0,0,0,0,0,0,0,0,0,0,256,198,206,173,204,63,67,89,98,65,22,53,78,71,77,227,162,170,146,229,55,61,91,98,57,19,42,65,57,61,315,179,188,163,161,60,74,98,110,75,24,62,87,86,93,170,109,94,88,85,160,38,"37
",52,62,38,12,32,48,49,54,170,113,119,116,119,242,47,51,68,"74
",47,15,44,60,61,57,15,12,18,11,10,20,13,9,20,39,25,"0
",15,10,11,8,17,16,20,21,16,19,15,17,31,50,28,2,20,"26
",42,38,34,34,41,33,30,30,25,21,26,37,25,5,29,54,63,"57
",40,47,54,42,41,40,35,40,45,61,42,7,31,62,75,57,20,"21
",25,19,21,20,24,26,26,35,21,3,19,33,38,29,55,60,59,"50
",73,55,52,70,89,106,62,9,45,66,73,70,24,23,25,22,28,"23
",26,30,43,53,38,5,35,66,53,44,41,36,41,33,42,37,52,"61
",77,95,66,8,33,50,49,49,30,30,34,31,47,33,33,37,58,"61
",48,5,24,37,41,42,49,63,65,50,64,47,43,46,76,98,71,"10
",49,68,69,59,38,37,46,35,47,31,35,26,29,40,29,7,30,"43
",62,44,42,52,64,58,67,57,69,62,67,102,57,9,51,53,67,"65
",34,41,53,45,63,43,44,33,56,58,33,7,40,46,57,51,42,"43
",56,49,61,51,57,46,66,83,53,8,48,58,72,81,32,39,49,"45
",57,41,37,31,45,58,37,6,34,40,53,72,40,56,57,60,62,"51
",57,54,47,75,50,7,38,51,58,66,21,31,26,26,30,25,29,"30
",22,41,24,3,20,24,36,44,42,55,56,56,63,47,64,70,43,"81
",58,9,52,51,74,79,35,47,50,50,54,40,57,59,38,78,47,"7
",46,41,63,60,35,45,50,47,54,40,50,56,43,77,56,8,47,"47
",62,67,38,44,62,48,42,44,39,39,56,81,59,7,46,43,53,"49
",42,45,62,51,37,40,30,31,51,70,48,6,35,35,44,42,31,"35
",44,41,32,40,36,32,44,57,45,6,32,40,82,66,42,51,60,"56
",44,49,37,35,59,70,66,7,38,44,73,71,20,22,28,24,19,"22
",17,16,25,35,30,3,19,23,52,48,0,0,0,0,5,7,0,"0
",0,0,0,0,0,0,0,2]
[,0,0,0,0,0,0,2,0,0,0,0,0,2,0,0,0,254,198,214,175,203,62,67,95,98,66,22,54,76,72,78,226,161,169,151,230,54,61,92,99,62,20,46,64,63,65,307,185,179,168,162,67,77,103,114,75,25,61,82,85,96,171,114,96,89,93,162,32,"41
",54,61,39,11,33,47,49,54,168,114,119,118,117,241,42,50,68,"78
",56,15,45,61,61,60,21,14,16,15,12,16,8,12,20,43,26,"1
",6,11,11,11,17,16,20,21,16,19,15,17,32,50,28,2,20,"26
",42,38,34,34,41,33,32,30,20,21,26,37,24,4,29,53,64,"57
",44,49,60,41,41,42,34,40,51,61,40,7,31,63,77,51,19,"21
",25,19,21,20,24,26,26,35,21,2,19,33,38,29,56,61,57,"53
",66,54,50,69,89,106,65,10,46,66,69,70,22,23,24,21,28,"25
",25,30,47,52,32,5,35,65,55,43,33,36,41,33,45,38,52,"62
",77,97,61,7,34,49,47,46,31,29,35,32,46,31,32,42,54,"64
",47,6,25,43,39,40,52,61,61,51,66,49,43,47,77,98,69,"10
",52,68,68,58,28,37,47,36,47,31,33,24,29,40,25,5,30,"38
",62,44,44,50,65,59,68,53,70,59,64,96,56,9,55,55,65,"60
",36,39,55,44,63,43,46,42,48,66,33,6,43,41,53,51,40,"45
",56,49,61,51,53,41,66,82,52,8,48,56,72,78,32,36,49,"47
",59,42,37,41,45,59,35,6,41,40,53,67,39,53,60,60,64,"50
",57,57,43,80,50,8,38,48,57,64,20,29,27,26,31,24,29,"28
",27,42,26,3,24,25,35,42,42,55,56,56,61,47,64,69,43,"78
",63,9,52,49,69,74,37,47,50,52,54,41,57,62,39,76,46,"7
",46,39,57,60,37,44,50,49,49,41,50,56,47,85,58,7,52,"47
",64,62,39,44,62,49,43,44,39,39,56,81,55,7,46,42,50,"49
",39,45,62,48,38,40,30,31,51,75,47,6,35,34,44,42,31,"34
",44,42,32,40,32,30,44,58,44,6,32,36,67,65,42,49,60,"56
",40,49,36,35,54,67,60,8,38,41,71,71,20,22,28,24,19,"23
",17,16,25,35,28,3,22,24,55,47,0,0,0,0,0,0,0,"0
",0,0,0,0,0,0,2,0]
[,0,0,0,0,0,1,0,0,0,7,0,1,0,0,0,0,254,198,214,174,203,63,63,91,93,64,22,52,78,68,76,227,164,168,140,230,59,60,92,89,61,19,47,64,65,63,309,187,180,168,164,69,76,101,111,71,23,60,89,86,93,167,114,91,92,94,162,39,"40
",52,59,37,12,33,48,49,52,170,114,116,120,115,242,50,50,67,"76
",50,14,50,68,65,57,22,12,15,14,15,17,8,11,23,41,26,"1
",7,9,12,12,20,16,20,21,16,19,15,17,31,50,28,2,20,"26
",42,38,34,34,41,33,30,30,20,21,26,37,24,4,29,53,63,"57
",41,54,54,45,39,41,35,40,51,61,43,7,37,62,75,56,19,"21
",25,19,21,20,24,26,26,35,21,2,19,35,38,30,54,60,58,"48
",67,56,49,66,89,106,65,10,45,66,69,70,27,23,24,23,31,"28
",26,33,43,52,39,4,38,69,55,43,34,36,41,32,42,38,52,"61
",77,97,62,7,34,50,50,46,38,30,34,31,56,31,32,35,56,"64
",48,5,27,38,44,41,50,59,60,46,63,47,41,46,74,97,70,"9
",49,73,71,58,28,36,46,34,47,31,37,23,29,40,25,5,30,"38
",62,44,44,49,64,57,68,52,72,55,65,105,64,9,52,49,70,"67
",38,45,53,48,63,43,46,35,46,61,37,6,46,41,59,52,39,"43
",56,49,61,51,57,41,67,88,53,8,48,58,72,81,32,37,49,"45
",57,41,40,31,45,61,35,6,34,40,53,67,39,52,57,60,65,"50
",57,58,44,83,53,7,38,48,59,66,20,28,28,26,29,22,29,"30
",19,38,27,2,24,23,41,46,48,56,56,59,62,50,64,69,47,"81
",63,9,52,47,73,74,35,47,50,50,56,40,57,61,40,76,48,"7
",46,41,63,60,35,46,53,49,55,42,52,59,44,69,53,8,47,"43
",59,63,38,47,62,48,46,44,41,39,57,81,55,8,46,43,50,"49
",39,45,62,48,39,44,30,31,51,68,45,6,37,41,44,42,33,"35
",44,52,32,40,39,30,44,55,42,6,33,40,69,66,42,50,60,"56
",43,49,36,35,54,67,61,7,38,49,71,71,22,25,28,30,19,"21
",22,18,42,32,26,3,18,31,50,47,0,0,0,0,0,0,0,"0
",0,0,0,0,0,0,0,0]
[,0,0,0,4,0,0,1,0,0,0,0,0,0,0,0,0,253,196,218,177,200,62,67,94,96,65,22,51,79,73,77,227,164,171,147,239,58,58,98,94,57,19,47,63,63,73,309,189,185,171,165,69,77,104,113,74,24,63,91,88,94,173,111,90,87,88,157,39,"43
",52,64,36,14,44,46,49,51,169,116,118,120,118,242,50,51,67,"76
",50,16,43,61,64,58,21,11,15,13,9,15,12,15,25,48,28,"1
",6,12,11,8,17,16,20,21,16,19,15,17,31,50,28,3,20,"26
",45,41,34,35,41,36,35,30,20,21,26,37,24,5,29,53,65,"57
",45,47,54,48,43,42,35,42,46,63,43,6,31,62,72,57,20,"21
",25,19,21,20,24,26,26,35,21,3,19,33,38,30,60,59,63,"51
",68,57,51,66,94,106,65,10,45,66,71,70,22,23,24,21,25,"23
",25,30,43,52,32,4,35,65,52,43,36,36,42,32,48,41,52,"61
",77,97,64,7,33,49,50,47,29,30,33,29,58,31,36,38,55,"64
",49,5,25,38,39,39,54,59,62,48,67,48,43,48,78,100,70,"9
",48,68,71,58,28,37,46,34,51,36,43,23,29,41,25,5,31,"38
",62,44,46,48,64,57,69,53,71,59,66,97,57,9,52,53,67,"62
",36,41,55,44,65,42,51,33,46,63,36,6,40,42,53,51,39,"45
",56,49,61,51,54,43,66,83,52,8,48,56,72,78,33,40,50,"45
",57,42,40,32,51,58,36,7,34,40,53,68,41,56,59,66,65,"55
",61,56,44,76,50,9,38,51,57,64,21,31,28,28,31,25,31,"30
",23,40,24,4,18,26,36,42,43,57,56,57,61,48,67,73,43,"74
",55,8,52,47,69,74,37,55,50,52,58,41,57,62,40,74,47,"7
",46,40,58,60,38,47,53,48,52,41,50,57,40,78,57,7,47,"46
",58,63,38,44,62,49,46,51,39,39,56,85,57,7,45,45,50,"49
",39,46,62,48,37,41,30,31,51,68,45,6,35,34,45,42,31,"35
",44,41,32,40,33,30,44,55,41,5,32,37,68,65,42,49,61,"56
",42,54,36,35,55,67,61,7,38,42,71,71,20,22,28,24,20,"22
",15,17,24,32,26,2,20,23,51,47,0,0,1,0,0,0,0,"0
",0,0,0,0,0,0,0,0]
[,0,0,0,0,0,0,0,0,0,0,0,0,0,0,3,0,253,195,216,177,203,64,61,97,97,64,22,58,79,74,77,225,166,172,147,231,58,64,94,95,58,19,47,64,66,66,308,189,179,169,163,63,78,99,121,74,24,71,93,92,93,170,113,96,90,85,160,38,"40
",54,64,37,12,36,49,50,51,162,113,124,121,121,237,53,50,76,"73
",44,16,48,57,66,58,18,13,19,13,12,15,9,11,23,43,26,"1
",6,8,14,10,17,20,20,21,16,19,17,17,31,50,28,2,20,"26
",42,38,34,39,41,33,31,30,22,23,28,37,27,5,29,53,65,"57
",43,49,54,45,45,42,37,40,47,61,40,7,31,62,73,58,19,"21
",25,19,21,23,24,26,26,35,21,4,19,33,38,33,58,61,61,"51
",69,57,51,69,91,108,66,9,46,66,69,70,23,27,25,24,25,"24
",26,32,43,56,38,5,37,66,56,44,34,37,45,32,44,37,53,"61
",74,95,62,7,37,50,49,47,28,30,35,33,49,33,32,36,53,"64
",48,5,26,38,41,39,51,59,60,48,65,50,41,46,77,103,70,"8
",52,68,71,58,30,36,46,35,47,33,36,24,29,40,25,5,31,"38
",62,44,44,52,64,58,70,57,69,65,71,108,58,11,53,52,70,"60
",38,38,56,48,64,43,45,34,48,60,35,7,41,43,55,51,41,"43
",56,50,62,51,56,41,67,94,53,8,49,57,73,79,37,36,49,"46
",57,41,39,31,45,60,35,6,34,40,53,67,43,57,59,62,65,"54
",61,60,48,80,51,8,39,52,61,66,30,24,24,26,34,23,32,"27
",20,39,28,3,20,25,31,43,43,56,57,57,65,51,66,73,46,"80
",60,8,52,49,69,74,36,46,50,50,58,40,57,62,41,78,54,"8
",46,43,59,60,41,45,53,49,58,40,51,56,45,75,57,8,49,"48
",60,63,38,45,62,49,44,45,40,39,59,89,57,8,47,45,50,"49
",41,49,62,48,41,40,33,38,52,70,50,6,38,33,45,42,31,"35
",44,42,35,40,32,30,44,57,43,6,33,37,67,65,42,49,60,"58
",44,49,43,42,55,72,63,8,38,48,71,71,20,23,28,24,19,"21
",16,17,24,35,29,3,20,24,50,47,0,0,0,0,0,0,0,"0
",0,0,0,0,0,0,0,0]
[,0,0,2,0,0,0,0,0,0,0,0,0,0,0,0,0,253,197,217,176,206,65,68,94,98,66,21,55,80,75,79,228,164,171,148,233,55,69,96,96,53,18,42,70,62,62,311,191,179,166,162,69,77,102,113,73,23,68,91,89,96,169,112,98,95,88,156,39,"41
",54,63,49,12,38,47,52,56,169,115,119,119,115,242,50,52,68,"75
",50,15,47,61,64,65,19,15,19,12,14,12,12,12,26,47,26,"2
",8,10,13,13,17,16,20,21,16,19,15,17,31,50,28,3,21,"31
",48,45,34,34,41,35,30,32,23,21,26,37,25,5,29,54,64,"60
",43,49,54,48,47,44,35,41,49,62,42,8,35,65,70,59,19,"21
",25,20,21,20,24,26,26,35,21,2,19,33,38,29,56,61,57,"50
",65,57,49,66,95,106,70,11,49,67,69,70,22,24,24,22,28,"25
",28,33,46,53,34,4,35,66,53,44,33,36,41,36,42,36,55,"68
",80,98,63,7,37,52,52,48,28,32,35,33,47,31,36,43,55,"62
",49,6,27,42,41,39,51,61,60,50,66,50,43,49,75,100,70,"10
",51,71,72,61,32,35,46,42,50,31,34,26,29,40,25,7,32,"38
",62,44,45,50,64,61,69,53,75,61,67,102,60,10,54,52,69,"61
",35,38,53,47,63,43,45,40,46,59,38,6,43,52,56,51,45,"43
",56,49,61,51,58,41,66,85,54,9,48,58,72,78,36,39,50,"46
",57,43,41,32,46,61,37,6,34,41,55,67,39,60,57,65,60,"54
",64,67,47,77,56,8,40,53,61,69,20,28,29,28,30,25,29,"30
",22,42,25,3,21,26,37,43,41,57,56,56,64,55,64,74,49,"75
",60,9,52,52,73,75,38,48,50,54,55,42,62,63,41,76,49,"8
",46,43,62,60,37,45,50,48,54,44,52,57,43,81,58,7,49,"51
",61,64,38,45,62,51,43,47,40,43,58,81,56,7,45,44,53,"51
",39,46,62,48,39,40,31,32,53,70,47,6,37,35,44,42,31,"36
",44,41,33,40,31,30,44,58,45,5,34,39,69,65,42,49,60,"56
",41,49,36,35,54,70,64,7,39,44,73,71,20,22,28,24,20,"22
",17,16,24,35,29,3,18,21,50,47,0,0,0,0,0,0,0,"0
",0,6,0,0,3,1,0,0]
[,0,0,8,3,0,4,0,0,0,0,0,0,0,0,0,0,254,197,215,176,205,62,67,92,96,64,22,51,74,76,76,226,160,164,143,233,63,62,93,96,58,19,49,64,67,65,308,189,181,169,165,71,78,101,113,69,23,68,90,86,94,165,108,93,88,85,158,41,"41
",53,61,37,13,36,48,50,55,171,115,118,121,117,241,50,48,66,"80
",50,16,49,63,65,59,16,15,17,11,10,13,9,11,20,41,25,"0
",7,8,11,9,17,16,20,21,16,19,21,20,31,50,28,2,20,"26
",50,38,34,34,41,33,30,30,21,21,27,37,24,5,29,54,63,"57
",42,49,54,45,47,44,34,41,45,62,40,7,32,63,71,56,19,"21
",25,19,21,20,24,26,26,35,21,2,20,36,38,29,56,59,57,"45
",67,55,49,70,94,106,67,10,45,66,66,70,21,25,24,26,25,"29
",25,34,43,52,32,4,41,66,53,44,33,36,41,33,42,36,52,"64
",79,98,63,7,33,53,49,47,28,31,32,35,49,31,32,40,58,"64
",47,5,25,38,42,40,50,59,62,47,65,47,41,46,76,95,69,"10
",47,68,72,59,28,35,46,36,47,31,36,25,29,40,25,5,30,"38
",62,44,43,49,64,57,67,55,74,60,69,103,58,10,53,55,70,"64
",36,40,53,46,63,42,45,41,46,62,37,7,42,45,58,51,41,"43
",56,49,61,52,58,43,67,85,54,9,51,58,72,82,33,40,53,"45
",57,45,41,30,45,60,37,6,35,41,56,69,42,57,58,60,63,"53
",63,60,47,81,53,8,39,51,57,65,20,29,27,27,29,23,32,"28
",19,39,26,2,18,23,36,45,42,55,56,58,67,55,65,73,46,"81
",58,10,53,52,72,76,38,49,51,52,56,43,59,62,39,76,49,"8
",46,44,62,60,44,50,53,49,52,40,52,60,45,76,57,9,50,"47
",61,62,38,47,62,48,44,44,40,39,57,84,58,7,47,44,50,"49
",40,46,62,48,38,40,32,36,50,76,48,6,35,38,44,42,32,"39
",44,42,36,40,35,31,45,56,44,5,33,40,69,65,42,50,60,"56
",43,50,38,37,56,68,60,8,39,49,71,71,21,22,28,24,19,"21
",15,16,24,32,29,2,19,23,51,47,0,0,0,0,0,0,0,"0
",0,0,0,0,0,0,0,1]
[,0,0,0,0,0,0,0,0,0,0,0,0,0,0,0,0,253,198,214,177,207,65,71,95,102,66,24,55,82,75,79,226,163,171,147,230,58,64,94,98,52,20,47,66,63,65,311,192,181,170,169,72,79,104,114,74,24,67,92,90,96,170,113,96,90,86,163,40,"37
",57,60,41,13,34,52,48,54,178,117,116,120,118,240,51,51,69,"76
",51,16,48,64,65,61,18,13,15,13,14,15,8,12,27,42,26,"1
",21,14,11,10,17,16,20,21,16,19,15,17,31,50,28,2,20,"26
",42,38,34,34,41,33,32,30,23,22,28,37,26,4,29,58,66,"63
",46,52,59,48,49,44,44,46,47,68,40,8,34,65,78,61,19,"21
",25,19,26,20,24,27,26,35,21,3,19,33,38,30,61,59,60,"50
",68,59,60,69,91,110,67,10,46,66,66,70,22,25,26,23,26,"25
",27,31,45,56,39,5,37,66,53,43,33,36,41,34,44,36,52,"63
",78,98,62,8,34,50,50,46,29,30,35,33,49,34,34,37,55,"62
",49,6,25,39,41,39,49,60,61,51,66,53,47,49,78,99,71,"10
",50,72,71,59,30,38,46,34,47,34,33,25,29,41,29,5,30,"41
",62,46,45,49,64,63,68,53,74,68,68,105,58,10,53,53,70,"62
",35,41,53,49,63,44,48,36,48,61,33,6,40,43,53,51,40,"46
",57,49,61,52,56,41,66,81,58,9,48,60,75,78,36,41,50,"45
",57,43,40,34,47,59,36,6,34,42,55,70,39,54,57,61,65,"49
",67,55,48,77,56,9,38,50,55,65,21,32,27,30,29,22,33,"30
",23,39,24,3,18,25,34,42,41,57,56,58,63,49,66,72,43,"79
",60,9,54,53,73,74,36,47,50,50,54,43,59,59,39,76,48,"9
",48,44,58,60,37,47,50,50,52,43,54,57,44,74,58,7,48,"48
",59,62,38,44,62,48,41,46,40,39,58,81,53,7,49,47,50,"49
",39,47,62,48,38,40,32,32,51,68,48,6,36,35,44,42,32,"35
",44,41,34,41,34,34,44,60,44,8,32,38,68,65,44,49,60,"56
",40,49,44,37,57,67,61,7,38,47,71,71,20,22,28,24,20,"21
",17,16,24,32,28,3,18,23,50,47,0,0,0,1,0,6,0,"0
",0,4,0,0,0,0,0,0]
[,0,0,3,0,0,0,0,0,0,0,0,0,0,0,0,0,253,195,215,175,204,62,67,94,95,65,22,55,81,74,78,229,166,170,151,233,56,65,95,95,60,18,49,73,65,66,313,188,181,168,166,71,79,104,113,75,24,67,93,89,96,173,113,96,91,85,161,33,"38
",52,61,37,12,32,45,50,55,170,117,118,119,117,245,50,52,66,"74
",51,15,46,66,67,61,19,15,15,12,11,12,18,11,20,40,31,"1
",7,9,11,10,17,16,20,21,16,19,16,18,31,50,29,3,20,"26
",42,39,37,34,41,33,34,30,21,21,28,37,27,5,29,58,65,"63
",45,51,54,49,48,45,43,45,48,67,45,7,31,65,80,61,19,"21
",25,19,21,20,24,26,26,35,21,2,19,33,38,36,57,60,59,"50
",70,58,50,66,92,106,67,11,46,68,70,71,23,24,25,23,28,"23
",27,30,45,53,35,4,37,65,55,43,35,41,41,37,47,40,53,"66
",79,100,65,8,37,51,51,50,29,29,36,31,48,31,33,37,53,"67
",56,4,31,41,42,39,53,59,62,50,65,49,42,49,78,99,70,"9
",53,70,70,60,28,40,46,35,49,33,37,23,29,40,25,5,30,"38
",62,44,47,50,67,59,70,54,76,63,70,106,59,10,56,54,72,"62
",35,43,54,50,63,42,46,37,48,62,38,7,46,43,56,51,45,"50
",56,49,61,51,61,43,67,86,54,9,50,58,73,78,36,41,51,"47
",57,42,38,34,47,58,36,6,36,40,53,75,44,52,57,60,60,"49
",57,56,45,75,53,9,38,51,60,64,21,27,26,25,28,25,31,"29
",22,38,24,3,22,25,34,43,40,58,56,56,63,48,66,73,43,"82
",61,8,52,49,65,74,35,48,50,52,54,43,57,59,38,76,49,"7
",47,41,57,60,38,47,50,48,52,42,57,55,42,75,62,6,50,"47
",57,62,38,45,62,49,45,48,39,39,56,83,57,8,47,43,50,"49
",42,48,64,49,38,42,31,33,52,68,46,6,37,36,44,42,31,"35
",44,42,32,40,31,31,45,57,41,6,34,37,67,65,42,49,64,"56
",40,51,36,37,54,68,62,7,39,44,71,71,20,23,28,24,20,"27
",16,16,25,32,34,3,18,21,52,47,1,0,0,0,0,0,0,"2
",0,0,0,0,0,0,0,0]
[,0,1,0,0,0,3,0,0,0,0,4,0,0,0,0,0,256,198,215,173,204,64,65,95,97,68,22,55,75,72,79,224,164,173,148,232,58,64,94,94,59,20,51,67,64,67,311,189,181,168,159,74,76,104,114,76,23,68,91,91,96,167,112,95,93,85,160,36,"40
",55,61,37,12,36,47,47,51,172,115,119,114,116,241,45,46,67,"75
",51,16,54,64,60,57,18,15,17,13,13,16,9,11,23,41,27,"1
",7,9,11,9,17,16,20,21,16,19,15,17,31,50,28,3,20,"28
",42,38,34,34,41,33,31,31,20,21,27,37,24,5,30,53,63,"57
",46,55,57,45,46,45,37,47,51,64,43,7,33,65,77,58,19,"21
",25,19,21,20,24,26,26,35,21,4,19,33,39,31,56,59,60,"49
",67,57,49,67,93,106,66,10,47,68,69,70,28,23,24,21,26,"24
",25,30,45,54,39,7,36,67,58,46,34,36,43,35,44,37,53,"64
",74,99,63,8,33,51,48,49,27,30,37,33,46,33,36,36,56,"65
",48,5,27,37,42,41,51,59,62,47,63,52,44,48,76,95,70,"9
",52,68,71,61,28,35,46,34,47,31,33,23,29,40,25,5,30,"39
",62,44,42,47,64,63,67,50,74,54,63,94,66,8,55,57,73,"66
",34,40,55,45,63,46,46,33,46,58,33,7,42,45,55,51,39,"46
",56,49,61,53,57,43,66,86,53,9,48,68,77,84,33,37,48,"47
",57,41,43,36,45,58,35,7,35,41,57,72,39,52,57,60,62,"52
",57,56,45,77,53,8,38,52,56,67,17,28,24,27,29,24,29,"30
",19,38,26,2,21,29,31,44,41,55,56,56,63,49,64,73,44,"82
",61,9,54,50,68,74,36,46,50,51,55,43,57,63,39,76,50,"9
",49,43,57,60,42,48,52,54,53,40,59,57,44,76,56,8,48,"50
",59,64,38,44,62,48,44,45,39,39,56,82,57,7,49,45,52,"49
",39,47,62,48,38,40,30,31,53,68,51,6,41,36,46,42,31,"39
",44,41,32,40,32,30,44,56,44,6,35,41,67,65,42,49,60,"56
",42,53,36,35,57,69,64,7,41,45,71,71,20,22,28,24,20,"23
",15,21,24,32,33,3,19,23,50,47,0,0,0,0,0,0,0,"0
",0,0,0,0,0,0,0,0]
[,0,0,0,0,0,0,0,0,0,0,0,0,0,0,0,3,256,196,215,172,205,63,73,95,91,65,22,53,85,75,77,232,169,173,146,230,59,65,93,94,58,19,48,63,64,65,306,192,178,169,160,75,74,104,112,80,23,60,93,89,96,170,112,96,90,86,158,38,"41
",55,62,39,12,34,48,50,54,172,120,119,122,114,245,52,54,68,"77
",48,16,45,64,64,60,16,13,15,14,11,15,9,11,33,43,25,"1
",6,10,11,10,18,16,20,21,16,19,16,22,31,50,29,3,21,"28
",45,41,34,34,41,37,34,35,21,24,26,37,24,4,32,58,72,"57
",45,50,56,46,44,44,44,46,49,65,43,8,35,67,75,60,22,"21
",25,25,21,20,24,33,26,35,21,2,19,33,38,29,57,59,62,"50
",66,56,57,67,95,110,62,10,46,68,69,73,22,23,26,25,25,"23
",27,30,45,52,37,4,37,69,56,46,34,36,48,33,42,40,53,"69
",82,104,67,7,33,49,52,49,33,30,36,31,49,33,36,38,53,"63
",48,5,27,41,43,40,53,62,61,48,66,52,44,46,79,98,69,"10
",52,72,76,60,28,35,46,34,47,31,34,23,29,40,25,5,30,"41
",62,44,42,51,64,59,76,62,69,60,64,94,55,9,54,54,68,"60
",34,38,53,44,63,43,43,32,46,59,34,6,41,46,53,51,39,"43
",57,49,61,51,58,42,66,83,52,9,48,60,73,80,32,36,48,"47
",57,42,43,33,45,59,36,7,34,42,53,72,39,55,57,60,60,"51
",59,56,52,75,50,8,41,55,56,64,17,29,25,24,27,27,32,"29
",19,41,25,3,22,27,32,43,45,57,56,56,64,50,67,74,45,"80
",58,9,53,51,69,74,45,47,50,52,55,40,61,62,38,74,48,"7
",48,39,58,60,38,45,52,47,50,48,53,58,40,74,56,7,49,"47
",60,63,38,44,62,48,42,47,39,39,56,83,55,7,47,47,53,"49
",41,49,62,48,39,42,30,36,50,68,47,6,37,35,44,42,32,"34
",44,41,35,40,31,32,45,57,44,6,35,39,69,65,44,52,69,"56
",44,49,36,35,58,69,65,9,44,47,73,71,20,22,28,24,19,"24
",16,16,24,33,27,3,18,22,50,47,0,0,0,0,0,0,0,"0
",0,0,0,0,0,0,0,0]
[,0,0,0,0,0,0,0,0,0,0,0,0,0,0,0,0,257,196,219,173,207,65,61,95,97,69,22,54,79,73,81,232,168,173,147,231,61,64,96,96,59,20,49,67,64,64,308,194,184,168,164,73,78,102,115,78,24,66,93,89,98,171,114,95,91,85,159,39,"41
",54,61,37,11,36,53,46,52,176,120,120,118,118,243,49,50,67,"74
",49,16,47,64,64,61,18,13,16,14,12,15,10,10,22,40,25,"1
",7,9,13,12,17,16,20,21,16,19,15,17,31,50,28,2,20,"27
",43,38,34,34,41,33,37,33,23,29,26,37,29,6,29,57,67,"57
",46,51,58,50,48,46,43,43,51,65,44,8,35,65,81,60,20,"21
",25,19,29,21,29,26,26,35,21,2,19,33,38,30,59,61,62,"51
",69,58,58,68,95,111,63,11,46,72,70,71,24,23,26,22,29,"25
",26,32,43,55,39,6,39,67,55,44,35,36,42,37,44,38,54,"61
",75,95,64,6,35,49,54,51,30,29,34,30,48,32,35,36,51,"62
",48,6,27,40,44,40,52,59,60,51,68,52,46,47,74,93,72,"10
",50,72,73,62,28,35,46,34,47,32,39,26,29,40,25,5,33,"42
",65,44,42,51,64,61,69,54,73,60,67,102,59,10,57,56,73,"62
",34,39,53,47,63,43,46,33,46,58,34,7,42,41,58,51,41,"49
",56,49,64,54,60,45,66,88,56,10,48,57,73,80,32,39,48,"45
",57,41,41,33,47,58,36,6,35,42,56,72,41,54,57,60,66,"53
",57,59,43,81,52,10,45,49,58,67,18,27,30,27,31,26,29,"33
",27,43,25,3,20,27,36,44,41,56,56,57,62,48,66,74,45,"82
",59,9,52,53,74,74,37,46,50,50,55,40,57,59,38,83,51,"7
",48,40,57,60,37,43,50,48,49,40,53,55,42,75,56,8,48,"49
",60,63,40,47,62,50,45,45,40,39,59,81,55,7,45,46,53,"51
",45,51,62,48,35,40,30,35,50,70,49,6,36,37,44,42,31,"35
",44,41,34,41,33,30,46,57,43,6,35,43,67,65,42,49,62,"56
",45,49,37,38,58,67,63,8,38,45,71,72,20,22,28,24,19,"21
",17,16,24,32,27,3,19,26,50,47,0,0,0,0,0,0,0,"0
",0,1,3,0,0,0,0,0]
[,0,0,0,0,0,0,0,0,0,0,0,0,0,0,0,0,259,199,206,171,203,67,65,94,96,67,22,56,80,80,79,229,167,173,145,232,61,65,95,95,59,20,50,66,60,68,310,190,182,169,166,70,77,108,116,77,24,70,92,91,97,170,113,95,89,84,160,39,"42
",54,62,39,12,33,47,49,55,165,116,121,120,113,241,53,57,68,"74
",51,16,48,60,64,60,17,13,17,13,12,16,9,11,21,44,32,"2
",6,15,13,8,17,16,20,21,16,19,15,17,31,50,28,2,20,"26
",42,38,34,35,41,35,30,36,27,21,32,37,24,5,29,56,65,"59
",46,51,56,48,46,45,42,47,51,65,43,7,34,65,77,65,19,"21
",27,19,21,20,24,30,26,35,21,2,19,33,38,29,56,59,60,"49
",68,56,51,71,89,106,62,11,47,72,68,75,21,23,29,22,30,"23
",25,31,43,52,37,5,38,67,54,43,37,43,44,35,46,40,53,"62
",77,96,65,8,35,51,51,51,29,29,36,32,49,33,34,38,54,"64
",50,5,27,40,43,42,53,59,63,46,71,50,41,51,79,96,71,"10
",48,68,72,60,28,35,46,34,47,34,35,23,32,40,25,5,30,"40
",64,44,43,52,65,59,67,52,75,60,69,97,55,9,59,58,70,"60
",36,40,53,44,63,43,45,33,46,58,33,7,43,43,53,51,44,"47
",59,53,61,53,60,43,67,83,52,9,49,60,75,80,35,40,49,"45
",57,41,43,30,46,58,35,6,35,41,53,70,41,54,57,61,61,"53
",61,62,49,75,50,8,38,48,66,66,17,31,29,31,37,20,35,"31
",24,41,24,3,20,25,33,43,42,57,56,57,62,49,69,75,48,"82
",59,9,52,51,68,74,35,48,50,53,54,48,58,64,39,70,46,"8
",46,43,57,60,35,43,50,51,51,41,54,56,43,76,56,8,49,"46
",57,62,38,44,62,49,44,46,42,39,56,81,56,7,51,48,55,"49
",40,45,62,48,37,40,30,34,50,72,46,6,37,35,44,42,31,"35
",44,41,35,40,32,31,45,56,44,6,32,40,70,65,42,49,60,"56
",46,50,38,35,54,67,59,8,43,47,71,71,20,24,28,24,19,"21
",17,16,24,33,28,3,20,22,50,47,1,0,0,0,0,0,0,"0
",0,0,0,0,0,0,0,0]
[,0,2,0,0,0,0,0,0,0,0,0,0,0,7,0,0,259,199,211,174,205,63,66,94,96,64,22,56,80,73,78,226,168,172,147,234,51,72,94,96,60,19,52,65,67,66,310,191,179,169,163,71,76,103,112,73,24,71,87,90,91,165,113,94,92,84,160,33,"39
",57,60,37,14,40,47,49,52,169,115,119,122,116,246,48,52,70,"74
",46,16,46,62,63,58,14,11,17,11,10,12,9,12,22,42,25,"1
",6,9,11,8,17,16,20,21,16,19,15,17,31,52,32,3,20,"26
",45,38,34,34,41,33,32,31,20,23,26,38,26,5,29,53,66,"60
",40,48,54,43,46,42,43,43,49,63,42,7,33,63,79,59,19,"21
",25,20,21,21,24,26,26,35,21,3,19,34,41,29,57,60,69,"52
",71,55,52,66,91,106,65,10,47,68,68,71,22,23,24,21,30,"23
",25,31,43,52,41,5,41,70,55,43,36,36,42,35,46,39,54,"66
",79,98,63,8,37,52,49,49,28,30,36,32,48,31,32,39,54,"69
",48,5,27,40,42,41,51,60,63,48,67,49,43,49,76,97,72,"8
",50,70,68,58,30,35,46,34,47,32,33,23,29,40,25,5,30,"38
",62,44,46,51,65,60,70,54,75,62,68,99,53,10,52,59,71,"66
",34,38,53,47,63,50,43,35,47,58,33,7,40,43,61,51,42,"46
",57,50,61,52,61,42,66,85,53,9,48,60,73,80,33,39,48,"45
",57,41,41,31,46,58,35,6,34,40,53,67,40,52,57,60,60,"49
",60,55,48,78,51,8,38,50,58,64,20,30,28,28,31,25,31,"30
",22,43,24,4,22,26,37,44,48,57,56,56,61,48,64,69,47,"84
",61,9,52,47,72,74,35,46,50,50,56,42,57,62,39,76,48,"7
",46,41,59,60,41,43,50,47,54,42,51,56,42,74,59,8,47,"48
",57,62,41,44,62,48,40,44,39,40,58,83,57,7,46,45,50,"49
",40,45,62,48,40,40,30,33,50,70,51,7,43,36,44,42,31,"34
",44,41,35,40,32,32,44,56,43,6,32,39,67,65,42,49,60,"56
",41,49,36,35,54,67,62,8,38,45,71,71,20,22,31,28,23,"24
",15,16,24,32,29,2,20,32,50,47,0,0,0,0,0,0,0,"0
",0,0,0,0,0,0,1,1]
[,0,0,0,0,0,0,0,0,0,0,0,0,0,0,0,1,257,200,212,174,199,66,64,97,95,67,23,55,79,80,76,230,170,174,145,232,62,64,94,96,58,19,47,65,66,67,311,189,181,169,168,72,81,103,117,73,26,64,93,90,95,171,114,97,91,85,162,39,"40
",54,63,38,13,34,50,47,60,166,115,122,127,117,254,54,54,69,"74
",49,16,46,62,66,58,14,11,15,11,9,12,12,11,28,46,25,"0
",6,14,11,9,17,19,20,21,16,19,15,17,31,50,29,2,20,"28
",42,38,34,34,41,35,31,30,20,25,27,39,25,5,29,54,64,"60
",47,52,56,47,47,44,44,45,51,65,42,8,34,69,76,61,22,"21
",25,19,21,20,24,26,26,35,21,2,19,33,38,29,57,59,60,"49
",69,56,58,67,92,109,66,11,45,67,66,70,25,23,31,23,26,"27
",25,33,43,53,41,5,37,69,56,45,36,36,43,34,46,41,59,"64
",80,98,64,7,44,51,46,47,28,29,32,32,49,32,35,36,53,"61
",47,5,25,40,41,40,49,59,60,50,70,49,47,49,74,93,69,"8
",49,68,71,59,29,35,46,35,47,31,34,23,29,40,25,5,31,"38
",62,44,44,50,65,55,72,53,79,60,65,95,55,9,53,56,71,"63
",34,40,53,44,63,43,47,32,46,58,33,6,42,44,53,51,42,"49
",56,49,61,55,61,41,75,85,53,10,49,61,72,80,32,36,48,"45
",57,41,40,31,45,58,35,7,34,40,53,68,42,54,57,60,63,"53
",59,60,45,80,50,9,40,53,60,64,19,29,29,25,28,25,29,"29
",19,41,25,4,24,29,35,43,44,56,56,57,63,48,65,76,45,"82
",59,9,52,53,70,74,35,46,51,50,54,40,58,63,47,75,46,"7
",46,46,59,60,39,49,50,48,51,40,51,56,41,76,58,8,47,"49
",61,62,38,44,62,50,44,46,39,40,56,83,62,7,45,45,54,"49
",40,45,62,48,39,45,32,31,51,68,49,6,36,36,44,42,31,"34
",44,41,33,40,31,30,45,55,45,6,32,45,67,66,42,50,60,"56
",41,49,39,35,57,67,64,8,46,43,71,71,20,22,28,24,21,"22
",16,16,24,32,29,3,18,23,50,47,0,0,0,0,0,1,0,"0
",0,0,0,0,0,0,0,0]
[,3,0,0,0,0,0,0,0,0,0,0,0,0,0,0,0,259,199,212,174,204,64,66,93,97,65,22,56,78,74,76,234,168,173,147,227,64,65,93,98,59,18,49,62,66,69,310,191,182,170,163,73,78,104,117,76,24,69,92,89,98,171,111,92,89,82,161,44,"41
",53,60,39,12,36,49,49,56,170,115,119,121,118,242,56,52,62,"77
",50,15,46,64,66,69,14,11,15,11,9,12,9,11,20,40,25,"0
",6,8,11,9,17,19,20,21,19,19,15,17,31,50,28,2,20,"26
",43,38,34,34,41,33,33,31,21,21,27,37,26,5,29,57,64,"57
",51,50,57,49,50,44,50,45,54,70,40,7,36,68,78,61,19,"21
",25,21,21,20,24,29,27,35,21,4,21,33,40,32,59,59,61,"51
",67,55,53,69,92,106,64,10,48,68,70,71,21,28,24,26,31,"23
",26,30,43,52,34,5,39,71,55,43,35,37,43,35,45,39,55,"66
",79,97,63,7,37,49,49,46,27,30,35,34,57,31,33,42,53,"61
",47,5,25,41,41,39,51,59,61,49,64,49,42,46,77,93,72,"11
",51,71,68,61,28,35,46,34,47,31,34,23,29,40,25,5,30,"38
",62,44,44,49,64,59,81,51,73,57,67,97,57,9,55,55,68,"60
",36,39,53,44,63,46,46,33,46,58,34,7,44,45,55,51,43,"46
",57,50,62,52,61,42,66,85,53,9,53,62,72,79,32,39,48,"45
",57,41,42,31,46,58,35,6,34,40,57,70,39,52,57,60,61,"51
",62,60,44,79,54,8,39,51,59,64,20,28,26,25,32,28,30,"31
",21,38,21,5,18,26,31,42,46,56,56,63,61,49,66,79,50,"82
",62,9,53,52,73,74,36,47,50,50,57,41,57,65,40,75,50,"7
",46,40,64,60,38,50,53,48,54,41,51,59,41,75,66,7,47,"49
",62,62,40,48,62,48,44,46,40,40,57,84,57,7,47,47,52,"49
",39,45,62,53,40,40,31,31,50,69,55,6,35,36,46,42,31,"41
",44,46,34,44,34,39,44,56,45,6,34,41,69,65,42,51,60,"56
",43,49,38,36,55,67,64,10,38,45,72,71,20,22,31,24,19,"23
",16,16,24,36,27,4,18,27,50,47,0,0,0,0,0,0,0,"0
",0,0,0,0,0,0,0,0]
[,0,0,0,1,0,0,0,0,0,0,0,0,0,0,0,0,259,200,214,176,203,66,68,95,99,65,22,54,78,77,81,226,169,175,146,231,60,65,94,96,63,18,43,63,70,61,314,191,181,171,166,74,78,105,114,74,25,66,92,91,94,173,116,99,94,90,157,39,"42
",53,59,40,12,38,54,51,55,171,117,119,122,118,244,53,53,68,"75
",52,15,46,64,65,57,14,13,15,11,11,12,15,10,23,42,25,"1
",6,8,11,9,17,16,20,21,16,19,15,17,31,50,34,2,20,"27
",42,39,35,34,41,33,30,31,20,22,28,37,26,5,29,55,63,"59
",47,49,54,51,47,47,42,52,52,65,44,8,35,62,79,61,20,"21
",25,21,21,20,24,26,26,35,21,2,20,33,39,32,54,59,60,"50
",71,56,54,66,90,106,64,10,46,66,69,70,21,23,24,21,26,"23
",25,30,43,52,33,4,35,65,57,43,33,36,42,36,44,36,52,"61
",74,95,59,7,33,49,48,46,31,29,38,29,46,35,35,35,53,"61
",47,5,27,38,45,41,50,59,63,51,65,49,43,48,76,96,69,"10
",50,73,74,62,28,35,46,37,48,31,41,23,29,40,25,5,30,"38
",62,44,45,50,67,59,71,55,76,59,66,100,57,9,50,50,70,"63
",42,41,56,44,63,49,53,35,46,58,36,6,42,47,56,51,40,"46
",56,50,62,52,62,42,66,83,54,9,48,59,73,78,33,39,48,"45
",57,41,40,35,45,62,35,6,36,42,57,70,43,54,58,61,64,"49
",57,56,43,79,50,8,38,51,59,64,21,32,26,27,30,24,30,"30
",21,40,25,2,19,27,32,44,45,59,56,56,66,48,66,78,43,"86
",68,8,52,51,81,74,38,49,50,50,57,42,58,67,38,77,50,"8
",46,43,60,60,36,44,50,47,50,41,50,56,42,83,64,7,54,"45
",62,62,38,45,62,52,48,47,41,39,59,88,60,8,46,47,52,"49
",40,47,62,48,39,41,31,33,52,72,52,6,37,37,44,42,31,"34
",46,42,35,40,33,32,47,65,48,6,32,40,67,66,42,51,60,"56
",40,50,36,37,54,69,65,8,38,47,71,71,20,22,34,24,21,"23
",18,20,24,33,26,5,18,30,52,48,0,0,0,0,0,0,0,"0
",0,0,0,0,0,2,0,0]
[,0,0,0,0,0,0,0,0,0,0,0,0,0,0,0,0,260,198,210,175,204,64,67,96,93,64,24,57,77,76,81,232,170,176,150,233,59,64,92,95,59,20,48,64,70,67,310,190,180,167,164,78,78,105,113,74,24,68,92,89,95,170,113,95,91,85,160,38,"40
",58,68,37,14,36,49,49,55,171,118,116,122,118,246,52,52,67,"76
",48,15,45,61,64,61,14,13,15,11,14,12,8,12,20,40,26,"1
",6,8,14,8,17,16,20,21,16,19,15,17,31,50,28,2,20,"27
",42,39,34,34,41,34,33,30,20,23,26,37,26,4,29,56,63,"61
",43,48,55,45,46,41,42,44,47,64,41,7,36,63,73,64,19,"21
",25,23,22,20,24,26,26,35,21,3,19,33,38,31,56,60,59,"48
",71,56,49,66,90,106,66,10,51,66,66,73,21,23,24,21,26,"23
",25,30,43,52,33,4,35,66,56,44,33,36,48,36,46,41,56,"61
",80,95,59,7,33,53,47,46,27,29,33,31,47,31,32,36,52,"62
",47,5,24,38,43,44,49,60,61,49,68,51,45,52,77,100,70,"10
",47,70,73,60,28,35,46,37,47,32,36,23,29,40,25,6,30,"38
",62,44,44,55,65,63,73,56,74,57,67,102,57,10,50,52,68,"62
",37,40,54,46,63,44,44,34,46,58,33,8,40,43,55,53,41,"45
",56,49,61,52,56,42,67,81,52,8,51,65,73,82,32,39,49,"45
",57,42,41,31,45,59,35,7,34,43,55,71,43,56,60,61,63,"53
",62,54,45,77,54,8,39,51,60,76,22,31,27,27,31,20,30,"28
",21,40,24,3,21,26,36,44,43,58,56,57,63,49,66,71,44,"82
",60,9,52,51,77,75,36,53,50,50,54,44,65,59,40,77,48,"7
",49,45,63,60,38,45,50,48,53,41,51,54,42,75,59,8,48,"50
",62,63,44,53,62,48,42,49,40,42,56,81,63,8,47,53,54,"51
",39,45,62,48,49,41,33,32,50,69,51,6,36,37,45,42,32,"37
",44,41,34,40,32,30,49,55,47,7,38,45,70,68,44,52,63,"57
",46,54,36,39,54,67,66,9,38,48,73,71,20,22,28,24,19,"22
",17,16,24,33,32,3,19,26,52,47,0,0,0,0,0,0,0,"0
",0,0,0,0,2,5,0,0]
[,0,1,0,0,0,0,0,0,0,0,0,0,0,0,0,0,259,200,213,174,203,65,66,95,97,66,22,55,79,74,81,231,164,180,154,233,57,65,100,94,64,19,53,66,65,66,312,190,179,170,166,74,78,106,115,76,25,68,93,87,97,170,112,91,93,79,160,38,"43
",53,62,37,13,32,50,49,57,170,119,120,121,116,246,50,52,68,"76
",45,17,48,63,67,61,14,11,15,11,9,12,9,11,20,41,25,"0
",6,8,11,8,17,16,20,21,16,19,15,17,31,50,28,2,20,"26
",42,38,34,36,41,33,33,30,20,23,27,38,25,5,31,57,65,"62
",46,49,58,50,51,45,45,46,51,68,42,8,31,69,77,64,20,"21
",25,20,22,20,24,27,26,35,21,3,23,33,43,40,58,61,59,"53
",74,57,51,66,92,108,66,11,45,68,70,74,23,23,25,22,28,"26
",26,31,43,52,35,4,35,68,52,48,34,36,44,37,44,39,55,"62
",79,97,65,7,33,49,50,48,28,35,37,34,48,34,33,35,51,"61
",47,5,29,40,40,43,53,59,63,51,65,49,43,48,76,96,71,"8
",47,69,73,61,28,38,46,36,47,31,36,23,29,41,25,5,30,"38
",62,44,45,52,65,60,68,54,73,59,65,102,59,11,54,52,66,"63
",37,42,57,47,63,42,44,32,46,58,33,6,43,45,53,52,45,"48
",59,51,61,54,60,44,66,86,54,9,48,61,73,82,34,41,51,"45
",57,41,42,31,45,63,35,7,36,47,56,75,46,55,57,70,64,"55
",61,56,47,79,51,9,38,53,61,66,22,32,28,28,31,24,31,"27
",23,39,27,3,21,26,36,42,40,64,60,56,65,50,68,73,43,"80
",58,9,52,55,71,74,38,48,50,51,55,43,59,62,40,74,49,"7
",46,45,63,60,38,47,50,47,53,45,55,56,41,75,57,8,51,"51
",61,65,38,46,62,58,47,48,40,43,58,84,60,8,48,47,51,"49
",41,46,62,49,39,41,32,33,51,69,55,6,40,37,44,42,31,"36
",45,44,35,46,33,32,48,55,52,6,35,41,69,65,46,51,60,"56
",43,50,38,36,55,70,66,8,40,48,71,71,20,29,28,27,19,"21
",17,17,24,38,33,2,18,21,53,48,0,0,0,0,0,0,0,"0
",0,0,0,1,0,0,0,0]
[,0,1,0,0,0,0,0,0,0,0,1,0,7,0,0,0,258,200,214,176,204,66,66,93,97,65,22,53,82,77,83,232,167,180,151,234,62,67,96,99,61,20,48,65,66,69,312,191,180,171,167,74,78,95,116,74,23,75,89,90,97,170,110,91,89,86,162,37,"41
",56,59,39,12,35,46,48,53,169,115,119,122,123,243,47,46,73,"76
",44,16,47,65,66,61,14,12,15,11,9,12,8,9,21,40,25,"0
",6,8,11,9,17,20,20,21,16,19,15,17,31,50,28,2,20,"32
",42,41,34,34,41,33,34,31,23,24,28,37,29,5,29,62,65,"64
",47,46,56,46,45,45,43,45,50,63,44,8,34,62,76,62,19,"21
",25,22,30,22,24,26,26,35,22,4,21,33,43,33,58,59,60,"52
",66,57,53,69,92,106,66,10,45,67,68,71,24,27,29,28,25,"23
",25,30,43,52,34,7,39,65,55,48,34,36,44,35,45,38,52,"62
",78,95,63,7,33,49,50,46,28,29,39,42,49,37,36,36,51,"66
",47,6,26,41,42,40,51,59,62,50,65,47,41,49,75,99,69,"9
",47,73,76,58,32,37,46,40,47,31,37,25,29,40,25,5,30,"38
",62,44,45,51,66,60,69,57,74,59,69,109,56,10,53,58,70,"67
",38,43,53,46,63,42,49,35,46,60,33,7,43,46,55,53,43,"49
",57,49,61,54,63,44,67,88,53,9,52,61,72,80,37,38,48,"52
",57,43,45,31,46,58,38,6,34,41,53,72,42,56,57,60,63,"53
",64,58,46,81,53,9,40,53,62,67,19,30,25,26,31,22,31,"29
",20,38,25,5,21,26,40,42,40,55,56,62,62,51,68,78,49,"80
",55,10,52,51,72,76,37,46,50,50,56,43,58,63,39,75,49,"9
",46,47,57,68,38,45,55,49,52,40,54,59,40,74,63,8,51,"51
",65,63,38,47,62,49,44,47,43,43,56,88,58,8,45,46,51,"50
",39,46,62,48,42,43,32,31,50,72,58,6,39,33,45,42,36,"34
",44,41,34,42,32,33,47,60,45,6,32,40,69,65,42,51,61,"56
",42,50,40,38,55,72,64,8,38,45,73,73,20,23,28,26,20,"21
",16,17,24,34,27,2,19,26,50,47,0,0,0,0,0,0,0,"0
",0,0,0,0,0,0,0,0]
[,0,0,0,0,0,0,0,0,0,0,0,5,2,0,0,0,259,200,216,175,194,66,67,95,95,67,23,63,86,69,78,232,169,180,150,231,62,67,94,96,60,20,50,64,66,67,312,192,183,170,161,74,79,106,120,74,25,72,88,91,96,170,112,94,91,86,162,40,"42
",54,62,39,12,36,48,51,54,174,113,123,121,117,242,51,48,67,"76
",48,15,48,62,64,57,14,11,15,11,9,12,8,9,20,39,30,"0
",11,10,11,8,17,16,20,21,16,19,17,17,31,50,28,2,20,"26
",42,38,34,34,42,33,35,34,20,24,26,37,26,5,30,55,63,"64
",43,52,55,44,48,44,43,45,51,64,46,8,35,66,77,62,22,"24
",26,27,25,23,32,26,30,39,23,4,21,39,40,34,57,59,60,"51
",68,57,52,69,94,106,64,10,45,71,70,71,28,31,24,23,29,"25
",27,30,43,52,35,5,37,65,56,44,34,36,43,35,43,40,52,"65
",80,100,61,7,38,52,52,49,30,29,38,30,47,33,34,36,53,"62
",47,6,26,38,42,41,51,59,62,46,68,49,46,46,78,97,69,"10
",51,70,69,59,29,35,46,37,47,33,36,24,29,40,25,5,33,"38
",62,44,42,58,69,59,68,53,79,54,67,103,64,12,56,57,70,"62
",34,39,53,46,63,44,48,35,46,59,33,6,42,44,54,51,41,"47
",56,51,61,52,63,41,67,85,54,9,48,59,72,84,32,40,48,"49
",58,41,44,33,45,58,35,7,35,40,53,71,42,55,57,61,62,"52
",63,57,45,79,51,9,38,52,61,70,22,27,24,26,29,25,32,"31
",19,43,24,3,20,25,31,43,45,57,56,57,65,49,68,75,46,"83
",58,10,53,53,71,74,37,53,50,50,59,41,58,63,38,76,49,"7
",46,49,70,60,38,49,50,47,49,46,51,60,41,77,57,7,49,"48
",57,62,38,45,62,48,43,46,41,43,56,86,58,8,51,45,50,"49
",39,47,62,48,46,40,35,37,50,73,50,6,37,37,45,42,32,"34
",44,41,34,40,33,32,46,57,43,6,34,42,67,65,43,51,60,"56
",41,50,37,38,55,67,57,8,38,45,71,71,20,22,28,24,19,"22
",16,16,24,32,26,3,19,24,50,47,5,0,0,0,0,0,0,"0
",0,0,0,0,0,0,0,0]
[,1,0,0,0,0,0,0,0,0,0,0,0,0,0,0,0,256,198,210,172,200,67,65,96,97,66,22,56,78,77,78,232,169,175,148,235,57,67,98,97,59,19,47,66,70,68,313,192,182,170,165,75,78,106,116,75,24,69,89,92,94,171,113,94,89,83,161,39,"42
",55,59,37,12,39,51,51,54,168,119,119,120,119,247,53,53,69,"77
",51,16,48,64,65,61,14,11,17,11,9,12,8,10,20,39,26,"0
",6,9,11,9,17,16,20,21,16,19,15,17,31,50,28,2,23,"32
",42,38,34,34,41,33,34,31,22,24,27,39,26,5,29,57,64,"61
",44,53,59,41,54,43,40,47,52,63,46,7,43,67,82,60,25,"23
",25,23,26,22,28,32,30,40,23,4,21,36,40,33,56,59,64,"46
",67,57,55,76,88,106,67,10,45,70,69,70,21,23,24,21,25,"23
",26,30,43,52,37,4,35,69,56,43,38,40,44,45,47,38,58,"63
",82,99,63,7,36,53,51,48,30,30,32,30,48,31,36,35,57,"64
",47,4,25,38,42,40,52,59,63,51,66,52,45,49,78,98,71,"10
",51,71,72,60,28,36,46,35,48,32,33,30,29,41,26,6,32,"40
",62,44,47,53,66,61,71,55,74,63,66,100,59,10,55,56,73,"65
",37,39,53,48,65,43,44,36,46,58,33,9,40,42,62,51,51,"50
",58,51,64,51,59,48,66,83,55,9,48,60,75,81,33,40,49,"46
",57,41,42,31,45,58,35,6,36,40,53,74,41,56,60,69,65,"49
",66,58,43,83,54,10,40,51,59,66,21,31,27,28,32,26,34,"32
",24,45,25,4,22,28,37,45,47,58,56,58,65,52,65,75,44,"82
",64,10,53,47,70,74,35,46,50,52,56,43,59,64,39,76,49,"8
",47,41,62,60,38,47,51,49,54,43,53,57,46,78,61,7,50,"51
",68,62,44,48,62,48,44,52,44,43,64,86,57,8,45,47,51,"49
",40,45,62,48,37,41,32,34,51,72,50,7,39,35,44,42,32,"38
",47,41,32,40,34,32,46,58,44,6,36,41,67,66,42,51,60,"56
",44,53,39,36,54,68,64,8,39,43,72,71,20,22,28,24,20,"22
",17,18,26,32,26,4,19,25,50,47,0,0,0,0,0,0,0,"0
",0,0,0,0,0,0,0,0]
[,0,0,0,0,0,1,1,0,0,4,0,0,0,0,0,0,261,200,213,174,204,66,68,96,99,67,23,56,81,74,84,230,170,177,148,232,52,66,90,100,63,19,48,64,70,69,312,192,180,170,168,75,79,105,114,76,24,75,92,94,97,170,115,101,90,84,163,41,"39
",52,62,36,13,38,49,52,55,170,118,121,122,118,246,53,51,69,"77
",52,16,49,65,64,61,14,11,15,11,9,14,8,11,21,41,27,"1
",6,9,11,9,17,16,24,21,16,19,16,23,31,50,28,2,27,"29
",42,38,34,34,41,33,32,30,22,22,27,37,25,5,29,56,64,"61
",53,46,56,44,44,43,48,47,49,64,45,9,36,70,77,58,23,"24
",27,24,25,22,29,32,31,40,30,4,22,36,41,33,60,59,64,"54
",65,59,58,66,94,107,67,11,46,68,68,72,23,23,26,22,31,"25
",30,35,45,58,42,4,35,67,56,43,36,39,44,35,43,40,55,"61
",78,97,62,7,33,49,49,46,35,34,35,32,48,35,36,38,55,"61
",47,5,24,40,42,42,53,62,63,51,66,52,45,49,78,96,71,"10
",50,68,72,64,32,38,49,37,48,32,36,26,29,41,26,5,30,"38
",62,44,47,53,67,62,72,56,72,65,67,97,59,10,51,55,76,"60
",39,51,53,49,70,46,51,34,46,58,33,6,42,41,53,52,42,"47
",58,49,62,53,59,44,67,85,53,10,50,60,75,84,39,39,50,"50
",57,41,41,31,46,59,35,7,34,40,55,70,39,57,57,61,63,"55
",61,58,46,79,53,8,39,51,59,66,22,31,29,30,32,26,34,"31
",21,38,24,2,20,23,40,43,46,56,56,56,66,57,68,72,46,"84
",60,9,54,54,72,74,38,47,50,51,56,42,59,62,40,76,48,"8
",46,43,60,60,37,45,50,53,49,46,50,57,46,79,54,8,50,"48
",60,65,43,46,64,50,46,46,43,42,59,86,57,8,48,46,51,"50
",40,48,62,49,39,43,40,33,52,71,44,6,37,35,45,42,31,"35
",48,42,32,40,33,30,45,55,43,6,35,41,67,65,44,52,60,"56
",43,49,36,36,55,67,63,8,41,44,71,71,20,25,33,27,19,"22
",15,17,25,33,29,2,20,21,53,49,0,0,0,0,0,0,0,"0
",0,0,0,1,0,0,0,0]
[,0,0,0,0,0,0,0,0,0,0,0,0,0,0,0,0,254,202,216,176,201,70,69,99,99,69,20,56,79,71,79,232,169,175,148,232,62,65,94,96,60,20,51,64,68,62,315,189,181,167,166,74,78,102,115,81,26,68,93,92,97,170,114,95,92,85,161,40,"42
",55,63,37,11,38,50,49,54,173,119,122,124,118,251,58,53,69,"78
",51,16,49,65,65,60,14,11,15,12,13,16,8,9,20,40,27,"1
",9,8,11,11,17,16,20,21,16,19,17,17,31,50,28,3,20,"26
",42,49,40,34,41,33,31,30,24,24,31,37,25,4,29,63,65,"59
",48,51,56,47,48,46,41,46,50,66,43,7,39,65,81,57,24,"22
",27,19,23,22,28,30,36,41,23,3,20,36,41,33,61,60,63,"52
",71,60,57,69,102,108,74,11,45,66,68,72,21,25,28,21,28,"26
",25,30,44,52,36,5,37,66,56,43,38,36,45,36,48,40,58,"62
",79,100,67,6,33,49,48,46,28,31,35,33,49,33,34,37,54,"64
",48,5,27,40,43,42,49,59,65,50,68,47,45,50,74,99,74,"10
",50,73,73,63,31,38,46,39,48,33,36,30,30,43,29,5,30,"38
",62,45,49,48,69,63,69,56,76,65,65,106,62,10,55,56,73,"65
",36,41,53,48,63,43,46,35,46,59,34,7,40,42,55,52,44,"49
",57,51,68,54,64,44,68,81,59,9,48,57,80,78,32,41,48,"45
",57,41,42,33,47,59,37,7,34,41,56,73,43,57,57,60,60,"54
",66,56,46,77,55,9,39,50,55,73,17,24,27,29,30,29,29,"30
",23,42,28,4,22,27,36,46,44,56,56,57,65,51,68,76,46,"83
",60,10,58,55,74,75,36,46,50,50,58,42,59,59,40,69,50,"7
",46,43,57,60,38,47,50,51,54,41,53,59,43,78,61,8,49,"48
",60,62,41,47,65,48,44,46,43,43,62,84,57,7,52,46,50,"49
",39,47,62,50,37,40,32,33,51,70,53,6,39,35,44,42,31,"35
",44,41,34,40,33,32,45,55,46,5,35,37,69,65,45,49,60,"56
",43,50,36,36,57,67,67,8,39,46,71,71,20,22,28,24,22,"23
",17,16,24,32,29,3,20,23,50,47,0,2,0,0,0,0,0,"0
",0,0,0,0,0,0,0,0]
[,0,0,0,0,0,0,0,0,0,1,0,0,0,0,0,0,258,194,215,177,203,68,68,97,98,66,22,52,83,75,79,233,171,176,149,230,59,66,94,96,60,19,51,65,65,67,313,193,180,173,163,75,80,108,113,75,24,72,93,89,97,174,115,95,92,86,163,39,"41
",55,63,40,13,38,51,51,52,168,114,119,122,115,253,52,55,70,"78
",52,16,51,64,65,58,14,11,15,11,9,12,8,9,21,39,25,"0
",6,17,11,8,17,16,20,21,16,20,15,17,31,50,28,2,20,"26
",42,38,34,34,41,33,34,33,20,25,26,37,26,5,29,55,64,"60
",50,50,59,47,50,48,44,49,51,67,46,8,36,68,77,59,25,"24
",29,26,26,24,28,26,29,43,25,4,21,39,43,35,60,59,64,"52
",70,58,54,70,93,109,67,9,47,67,70,70,24,23,29,24,25,"25
",26,33,45,53,35,5,36,66,53,43,36,38,41,44,45,46,57,"64
",82,96,65,8,37,49,50,47,29,29,36,33,49,32,35,37,56,"63
",50,5,26,40,40,41,55,63,63,53,63,55,46,51,80,101,75,"9
",55,74,70,62,28,38,46,37,49,32,35,26,29,41,25,6,30,"38
",62,44,55,51,69,67,71,59,75,61,67,101,58,9,57,57,73,"67
",35,42,53,47,64,45,46,34,46,58,35,7,42,45,55,51,43,"48
",59,50,64,54,57,41,66,89,56,8,48,58,75,86,37,47,56,"45
",57,42,43,39,48,58,36,7,35,44,57,73,42,59,57,64,63,"53
",61,59,46,76,53,9,39,52,63,68,23,32,31,33,35,29,31,"33
",23,44,22,5,18,32,36,45,44,60,56,59,64,52,68,75,47,"82
",61,10,54,54,75,74,39,48,50,52,62,53,61,64,41,78,46,"7
",46,48,63,61,38,47,50,47,56,47,52,59,43,77,58,8,51,"49
",62,64,41,48,62,50,45,47,41,42,59,86,61,7,49,47,56,"53
",39,52,63,51,39,41,30,33,51,68,46,7,37,41,44,42,33,"35
",44,41,35,41,34,33,46,58,46,6,36,41,68,67,43,54,62,"56
",42,50,36,38,54,67,66,8,40,45,75,71,23,22,28,24,19,"24
",18,18,24,33,28,3,19,23,50,47,0,0,0,0,0,0,0,"0
",0,0,0,0,0,0,0,0]
[,0,0,0,0,0,0,0,0,0,0,0,0,0,0,0,0,258,202,214,174,210,61,68,95,101,69,24,55,79,77,76,232,169,175,148,233,58,65,93,96,59,20,51,63,65,61,313,193,177,180,168,72,88,105,115,75,24,76,96,92,96,172,114,96,92,85,162,39,"41
",55,63,39,13,33,51,50,54,166,121,120,121,115,248,52,52,74,"82
",48,16,50,63,64,59,14,11,15,39,12,12,9,13,20,40,25,"1
",8,8,11,11,17,16,20,21,16,19,15,17,31,50,28,2,20,"26
",42,40,34,34,41,33,33,30,20,24,26,37,25,4,30,53,63,"63
",47,51,59,49,49,45,38,46,48,65,46,8,37,68,77,59,25,"23
",27,24,26,23,28,34,31,42,22,3,21,38,41,33,60,60,62,"52
",79,60,57,67,94,107,68,10,45,67,72,73,21,23,27,21,26,"24
",26,31,45,55,39,5,37,68,54,44,35,36,41,34,46,44,55,"61
",77,102,68,7,36,51,54,47,29,30,36,32,48,32,33,35,55,"63
",49,6,26,37,40,39,50,59,62,52,69,51,45,47,78,104,73,"9
",54,73,74,62,31,38,46,38,48,33,36,24,29,40,25,6,30,"38
",62,44,46,48,65,67,72,56,78,64,63,102,58,10,56,57,74,"64
",35,40,53,46,63,43,46,34,46,58,33,7,40,45,55,51,40,"45
",56,51,62,51,59,41,66,93,52,8,49,58,73,81,36,37,48,"45
",57,42,41,33,45,59,35,6,34,42,55,71,39,52,57,60,62,"49
",58,54,43,76,50,9,38,49,54,64,24,28,30,29,30,23,30,"29
",20,46,25,3,21,27,35,44,41,54,56,56,61,47,64,69,43,"81
",55,9,52,47,65,74,35,46,50,55,56,42,57,59,38,75,46,"7
",53,39,57,62,39,45,50,50,53,43,52,56,41,77,57,8,50,"49
",62,62,40,45,62,57,45,49,39,44,56,88,58,8,48,46,53,"49
",40,45,62,50,44,40,33,35,50,69,49,6,38,35,44,42,31,"34
",44,41,33,40,33,30,44,55,45,5,34,38,67,65,42,55,60,"56
",40,51,36,38,54,70,65,8,43,49,71,71,20,22,28,24,19,"21
",15,17,25,32,27,3,20,22,50,47,4,0,0,0,0,0,0,"1
",1,0,0,3,0,0,0,0]
[,0,0,0,0,0,0,0,0,0,0,0,2,0,0,0,0,256,198,212,174,205,65,67,95,98,66,22,58,79,77,80,233,176,178,151,237,61,65,93,99,61,21,53,62,67,65,315,195,184,173,168,73,80,105,116,76,25,72,96,94,95,170,110,95,89,86,167,38,"44
",58,65,39,13,41,51,51,56,171,116,118,121,118,246,53,54,69,"80
",51,16,47,66,71,60,14,19,15,11,10,13,8,12,20,41,25,"0
",6,8,11,9,17,16,20,21,16,19,15,22,31,50,28,3,20,"26
",44,38,34,34,41,33,31,30,21,22,28,39,26,5,29,56,64,"62
",47,46,59,47,50,43,49,49,50,67,50,7,35,63,78,64,23,"22
",29,23,26,24,29,33,33,41,22,2,23,35,41,29,60,59,66,"48
",67,59,53,71,94,106,68,10,47,68,70,70,24,24,27,21,32,"29
",28,32,44,56,41,4,36,67,53,43,36,40,47,36,46,40,57,"67
",82,101,65,8,35,52,52,48,32,34,33,31,50,33,35,39,54,"63
",47,6,27,40,46,45,55,61,65,51,67,53,45,51,80,102,73,"9
",56,72,74,62,28,38,46,39,48,38,37,24,29,45,27,5,30,"38
",62,44,46,52,67,63,70,55,75,63,69,104,60,10,60,57,73,"67
",42,46,54,47,63,42,46,35,48,58,38,6,43,46,55,53,44,"47
",58,54,64,54,59,45,67,87,53,9,49,60,73,82,34,38,48,"46
",57,42,44,31,45,63,35,7,35,41,53,75,42,53,57,61,67,"49
",58,54,43,79,50,8,41,52,59,65,21,28,27,28,31,26,33,"29
",22,43,24,3,18,28,36,43,40,54,56,57,62,47,67,79,47,"82
",55,11,52,55,76,74,37,46,50,52,54,42,58,59,39,75,46,"8
",47,40,63,60,38,48,51,47,52,46,54,57,45,79,55,7,51,"55
",64,63,38,45,63,51,48,45,42,44,56,87,59,7,48,44,52,"49
",39,46,62,48,39,41,31,34,50,68,49,6,35,33,44,42,36,"35
",44,41,33,40,31,30,45,55,41,5,36,38,70,65,42,52,61,"56
",43,49,37,40,54,67,63,8,40,44,72,71,20,22,28,24,19,"21
",15,19,28,33,28,3,20,21,54,47,0,0,0,0,0,0,0,"0
",0,0,0,0,0,6,0,0]
[,0,0,0,0,0,0,0,0,0,0,0,0,0,0,0,0,259,202,212,172,202,64,69,92,94,66,23,53,80,75,78,234,169,176,149,231,60,65,93,94,59,20,49,65,67,61,314,194,185,172,172,74,83,107,115,75,25,68,91,90,94,172,114,95,91,82,160,39,"42
",56,62,38,13,39,50,50,54,174,121,117,120,115,247,53,54,70,"77
",51,15,47,64,66,61,15,11,15,11,9,12,12,9,20,39,25,"3
",6,18,13,8,17,16,20,21,16,19,15,17,31,50,28,2,20,"26
",42,38,34,43,41,33,35,31,20,21,26,37,24,5,30,56,63,"59
",47,52,60,48,50,47,43,51,53,67,49,8,35,67,82,57,31,"31
",25,22,26,22,28,34,31,38,24,3,21,36,40,33,56,59,57,"49
",68,55,60,68,96,106,69,10,45,67,70,72,22,23,25,21,27,"23
",27,31,45,52,35,5,37,66,56,43,36,39,41,38,52,40,52,"65
",79,100,64,7,34,53,53,47,29,30,34,31,47,33,34,36,56,"63
",51,4,35,41,43,41,53,59,60,51,67,47,44,49,80,101,71,"10
",51,72,73,62,32,38,46,39,47,31,34,29,29,43,25,5,37,"38
",65,44,50,46,67,63,67,54,75,65,69,103,60,10,57,54,72,"64
",37,39,53,47,63,43,46,34,46,62,33,7,44,42,57,53,42,"43
",57,50,61,51,63,44,69,84,54,9,52,61,73,81,32,38,48,"45
",57,41,42,32,45,58,35,6,34,40,54,67,43,53,57,60,61,"49
",63,56,44,83,50,8,40,51,60,64,25,33,24,23,31,20,35,"30
",21,41,24,4,23,27,35,44,43,57,57,57,65,49,68,77,45,"91
",55,8,55,51,71,74,35,49,50,50,54,40,60,66,43,72,46,"8
",49,43,61,60,40,46,50,49,53,44,53,59,42,76,58,8,51,"47
",63,63,38,44,62,49,39,50,42,46,59,82,59,8,46,45,53,"52
",39,45,62,48,35,41,30,33,50,68,47,6,39,36,44,42,31,"34
",44,41,32,40,35,34,45,55,41,6,36,43,67,65,47,51,60,"56
",40,49,36,37,55,67,62,7,41,44,72,71,20,22,28,24,19,"22
",17,18,25,32,28,3,20,24,50,47,0,0,0,0,0,2,1,"0
",0,0,0,0,0,0,0,0]
[,0,0,0,0,0,0,0,0,0,0,0,0,0,0,0,0,256,203,212,171,206,67,66,93,92,67,19,53,73,80,82,234,171,174,150,232,62,66,93,96,61,19,48,60,68,68,316,194,181,173,170,74,81,106,116,77,25,69,91,90,93,170,114,95,91,85,159,39,"42
",55,91,41,13,42,48,49,56,170,119,121,122,114,238,52,54,68,"79
",51,16,46,63,66,60,14,11,15,12,11,16,9,12,20,39,25,"1
",8,8,11,8,17,16,21,21,16,19,16,17,31,50,28,2,20,"26
",42,38,38,34,41,33,32,30,26,28,26,37,26,5,30,53,65,"57
",46,51,57,48,50,46,41,48,50,65,43,8,32,62,77,59,20,"21
",28,20,26,27,24,32,31,39,22,4,20,33,39,33,57,59,61,"50
",70,59,61,68,97,107,66,9,45,69,72,72,25,23,24,22,26,"26
",27,30,43,52,35,5,35,65,53,43,41,39,44,37,48,40,57,"61
",83,98,64,7,34,50,49,49,29,30,35,33,47,34,34,37,55,"62
",47,5,27,43,43,41,56,59,63,54,69,53,42,49,80,103,72,"9
",51,72,71,60,29,38,46,38,49,34,33,24,29,42,25,5,30,"38
",62,44,50,51,64,64,71,56,77,64,72,101,59,11,55,55,70,"63
",38,39,54,50,65,45,48,36,48,59,35,7,41,45,55,51,44,"47
",58,58,68,53,62,43,69,86,64,10,48,64,75,79,38,37,48,"48
",57,42,44,33,45,59,35,6,34,41,53,69,41,58,60,63,66,"50
",65,54,44,82,50,9,41,53,61,69,24,31,27,29,31,29,31,"34
",25,40,25,3,22,27,36,43,44,59,58,57,65,51,69,77,46,"83
",58,9,58,55,71,80,36,46,50,51,58,44,57,67,43,82,53,"8
",50,44,63,60,41,49,52,49,54,44,55,58,44,78,58,8,51,"50
",61,62,41,45,62,50,39,48,43,47,62,94,60,8,52,46,52,"49
",42,45,62,48,36,40,32,32,50,69,49,7,40,38,44,42,33,"35
",45,41,32,41,32,33,45,58,45,6,34,42,69,65,46,55,61,"56
",43,50,41,35,55,67,69,10,43,51,71,71,22,22,28,24,19,"24
",18,19,24,33,29,3,21,25,50,47,0,1,0,0,0,0,0,"0
",0,0,0,0,0,0,0,0]
[,0,0,0,0,0,0,0,0,0,0,0,0,0,0,0,0,259,197,213,179,202,66,72,95,100,67,22,56,77,71,77,233,169,176,150,233,61,65,93,95,60,20,50,66,66,67,316,195,185,177,171,77,82,107,120,80,24,68,94,91,92,168,112,95,92,86,159,40,"42
",57,63,39,13,38,53,50,54,172,117,127,117,117,244,50,60,69,"76
",53,16,46,64,68,63,14,11,15,11,10,13,9,9,20,43,26,"0
",13,9,11,11,17,16,20,21,22,19,15,17,31,50,28,3,20,"26
",42,38,34,34,41,33,39,31,22,22,29,37,30,8,29,60,63,"60
",49,51,60,49,52,47,45,50,53,67,49,8,36,65,80,63,26,"21
",29,21,25,20,24,26,32,37,22,5,19,33,41,32,60,60,62,"51
",70,59,57,68,105,106,68,10,46,67,68,71,24,24,25,24,26,"24
",29,30,46,56,40,5,36,67,55,43,37,44,45,41,46,40,60,"61
",87,96,68,9,39,53,49,51,31,29,36,33,47,34,35,37,54,"63
",48,6,26,39,41,40,56,60,62,55,69,53,47,50,81,100,69,"10
",49,73,71,61,31,38,46,39,47,34,37,25,30,40,25,5,31,"38
",62,44,53,59,76,65,74,62,75,71,72,108,61,9,57,54,74,"66
",37,40,55,48,63,45,49,35,48,60,36,7,43,45,56,52,40,"47
",56,49,63,61,63,41,72,85,60,9,51,60,72,80,38,41,49,"45
",57,44,44,30,46,59,35,6,34,41,53,69,42,53,57,61,64,"52
",64,56,43,80,50,9,39,49,59,64,17,28,28,27,32,22,31,"36
",23,42,21,3,20,23,32,43,45,57,57,56,64,52,68,75,47,"83
",58,10,55,52,73,74,38,46,53,52,56,46,62,64,38,73,52,"8
",48,41,63,61,38,47,50,48,55,45,53,59,44,78,59,8,52,"48
",61,62,39,46,62,48,42,46,41,39,56,85,55,8,52,48,51,"50
",39,45,63,48,36,40,30,31,50,71,44,6,41,33,45,42,31,"36
",45,41,34,40,33,36,46,58,46,6,35,41,68,65,45,52,60,"56
",42,49,40,40,54,69,63,7,39,43,71,71,20,23,30,24,19,"21
",19,19,27,35,29,3,19,24,52,47,3,0,0,0,0,0,0,"0
",0,0,0,0,0,0,0,0]
[,0,0,0,0,0,0,0,0,0,0,0,0,0,0,0,0,259,208,214,175,203,64,72,95,96,67,22,57,80,79,78,232,169,173,149,231,61,65,89,100,59,20,50,63,69,68,316,185,175,176,163,74,82,103,113,78,25,70,91,91,91,169,114,96,93,87,161,43,"49
",59,62,39,13,40,50,50,56,170,115,123,123,119,245,53,54,68,"77
",51,16,47,62,65,62,14,11,15,12,9,12,16,14,22,48,28,"0
",6,8,15,12,17,16,20,21,16,19,15,17,31,50,28,2,20,"26
",42,38,34,34,41,33,33,32,21,21,32,37,31,5,30,53,65,"60
",49,51,60,49,51,46,44,48,51,67,42,8,40,64,80,57,20,"25
",27,19,22,24,24,30,28,38,22,3,20,35,40,32,63,61,61,"52
",73,62,63,67,96,112,69,12,48,69,68,76,22,24,27,22,28,"25
",28,32,45,55,39,5,38,67,60,43,34,40,46,39,49,43,58,"61
",78,101,62,8,34,53,47,48,29,31,35,33,49,34,34,37,55,"63
",50,9,27,39,42,42,55,60,63,52,71,51,43,52,80,101,74,"10
",52,74,74,61,28,36,49,37,47,34,39,27,31,47,26,5,31,"38
",62,44,51,57,75,67,71,53,76,66,70,105,62,10,55,56,72,"65
",37,41,55,48,63,45,48,34,50,62,35,6,41,45,56,51,43,"50
",60,55,67,53,64,45,69,88,57,10,50,64,74,83,32,40,48,"47
",57,43,44,33,46,58,35,7,35,42,53,71,45,59,57,63,66,"53
",67,63,43,78,50,9,41,58,70,64,20,31,25,29,30,25,33,"30
",23,43,24,3,23,28,37,44,43,59,59,58,65,52,65,77,46,"80
",60,8,57,55,75,74,41,52,50,50,56,40,58,63,41,73,51,"8
",51,43,65,60,38,51,53,49,55,44,53,58,44,76,59,8,53,"54
",59,65,38,46,63,48,47,50,39,45,60,85,68,7,46,44,50,"52
",42,48,63,48,35,44,31,34,50,69,48,6,41,36,47,42,33,"36
",45,41,34,43,35,30,47,59,47,7,34,43,68,65,43,49,61,"56
",43,49,39,40,59,70,63,8,41,47,72,71,20,23,28,24,19,"22
",16,17,24,33,27,3,21,25,60,49,0,0,0,1,0,3,0,"0
",0,0,0,0,0,0,0,1]
[,0,0,0,0,0,0,1,0,0,0,0,0,0,0,0,0,259,193,211,173,205,64,62,93,96,65,22,58,80,75,79,233,169,175,151,234,61,62,93,90,62,19,52,63,61,68,313,193,186,169,169,73,80,105,116,76,25,71,92,91,90,171,114,95,93,88,159,40,"40
",55,64,37,14,39,44,48,56,176,121,122,124,120,247,53,54,68,"77
",52,16,50,63,65,61,14,11,15,13,10,12,8,9,21,40,25,"1
",6,9,12,8,17,16,20,21,16,19,15,17,31,50,28,3,20,"26
",43,38,34,34,41,33,33,30,22,25,29,41,25,5,29,55,63,"61
",48,52,58,48,49,46,41,48,47,68,49,8,36,69,79,61,23,"21
",25,20,24,24,25,31,28,36,22,3,21,33,38,32,56,59,63,"47
",71,63,52,68,90,106,65,10,48,66,71,71,23,23,26,22,26,"23
",27,30,43,52,37,5,36,65,52,44,38,40,46,34,52,36,54,"64
",84,101,61,8,37,52,52,49,29,30,35,31,47,34,37,37,51,"64
",47,5,24,47,41,40,50,59,64,50,63,50,45,49,76,100,71,"10
",51,72,71,60,31,39,46,44,47,32,39,29,32,45,27,5,32,"40
",62,44,47,50,69,62,70,56,77,61,65,104,60,10,56,55,69,"63
",35,41,53,48,64,44,50,35,46,59,35,6,40,46,57,51,41,"47
",63,49,61,55,61,41,70,85,52,9,48,61,75,81,33,38,50,"45
",57,43,43,33,45,59,35,7,35,43,56,70,42,53,57,60,66,"49
",62,59,47,82,50,11,40,54,63,64,20,33,30,26,29,29,32,"30
",21,43,24,4,23,28,38,45,44,58,56,58,67,53,66,72,46,"83
",61,10,52,50,77,75,37,47,51,50,54,44,60,62,40,80,47,"8
",49,45,66,60,37,48,51,49,54,44,52,56,43,80,60,8,53,"51
",69,62,38,46,62,49,46,46,42,42,59,88,59,9,50,48,54,"49
",42,45,62,48,42,41,30,32,50,72,52,6,41,39,46,42,33,"35
",44,41,37,43,33,32,45,62,52,6,36,38,67,67,47,49,60,"56
",42,49,37,39,54,70,68,8,41,48,71,71,20,22,28,24,20,"22
",17,16,24,33,30,2,24,21,51,47,5,0,0,0,0,0,6,"0
",0,0,0,0,0,0,1,0]
[,0,1,0,0,0,0,0,0,6,0,0,0,0,0,0,0,259,198,215,175,203,69,65,92,90,66,22,58,82,73,78,237,172,178,147,233,62,65,94,93,59,20,51,67,66,68,314,195,180,170,166,76,83,108,114,78,27,74,95,95,89,173,114,94,93,86,160,38,"42
",54,60,39,13,38,49,51,55,171,115,122,123,117,247,56,53,68,"74
",55,16,47,62,66,57,14,11,15,11,9,12,9,10,20,39,26,"0
",6,9,11,8,17,16,20,21,21,19,15,22,31,50,28,2,20,"26
",42,43,34,35,41,34,35,32,20,21,26,40,25,5,29,56,63,"59
",47,49,56,51,52,48,45,49,52,65,45,8,37,65,77,64,29,"24
",25,19,22,20,29,30,26,39,26,3,19,33,38,37,60,63,64,"51
",73,59,58,68,96,111,66,11,45,67,68,70,25,28,32,24,31,"23
",30,34,46,56,39,5,35,65,56,47,35,39,45,36,48,40,58,"65
",80,103,66,8,33,56,51,50,29,32,34,29,46,32,35,37,54,"63
",48,6,26,38,40,39,59,61,63,51,68,53,45,49,80,102,73,"11
",53,75,69,58,29,35,46,38,47,32,36,25,29,40,25,5,30,"38
",62,44,46,46,70,64,74,57,73,62,72,101,61,10,54,56,69,"64
",35,43,53,47,63,44,48,35,46,59,35,7,43,46,56,52,42,"46
",59,51,61,53,60,41,66,85,52,10,48,63,76,82,35,36,49,"46
",57,41,45,30,45,60,36,6,35,43,57,74,41,55,57,60,65,"52
",61,55,43,77,51,9,41,53,62,66,20,31,26,24,32,27,29,"27
",20,45,21,3,18,24,35,43,41,54,56,56,63,50,65,74,47,"81
",60,10,56,52,77,75,38,48,50,52,57,41,59,66,40,82,46,"8
",50,47,69,62,38,43,50,47,53,43,55,56,43,76,60,8,51,"49
",64,62,40,44,62,48,45,47,41,41,59,85,60,8,69,46,52,"49
",39,45,64,49,36,40,32,33,50,75,45,5,43,33,46,42,31,"35
",44,41,35,42,34,32,45,57,45,6,36,42,70,65,43,51,60,"56
",43,51,37,38,54,72,64,8,40,44,71,75,20,22,30,24,19,"23
",19,18,25,37,30,3,19,26,53,47,0,0,0,0,0,0,0,"0
",0,0,0,0,0,0,0,0]
[,0,0,0,0,0,0,0,0,0,0,0,0,0,0,0,0,259,198,212,176,203,68,69,95,97,68,23,57,80,75,78,235,170,177,148,237,61,67,87,88,64,20,52,68,65,68,311,200,185,172,169,74,81,107,114,79,25,72,95,90,88,173,112,91,97,79,158,42,"43
",52,59,40,12,33,52,47,59,171,117,120,122,119,247,53,54,67,"75
",51,16,41,64,68,61,14,12,15,11,9,12,8,13,20,39,27,"1
",6,8,11,8,17,16,20,21,16,19,15,17,31,50,28,2,20,"28
",42,38,34,34,41,33,31,32,21,22,26,37,27,5,30,55,65,"64
",48,44,60,52,45,48,45,51,50,61,46,8,32,66,76,64,20,"22
",25,21,26,23,25,29,28,35,21,3,19,33,38,29,57,60,62,"53
",65,56,57,68,91,111,64,11,45,69,67,70,22,23,29,23,28,"25
",26,31,43,58,36,4,39,65,56,43,39,36,45,37,49,40,56,"65
",80,101,63,7,34,51,51,49,28,30,32,29,47,34,35,40,62,"67
",47,5,24,39,40,41,54,60,63,48,65,50,43,49,77,98,69,"9
",48,69,70,58,28,38,46,36,47,31,33,27,30,42,25,6,30,"38
",62,44,48,51,67,62,71,54,75,62,65,102,60,10,54,55,71,"63
",34,41,57,48,65,42,46,34,48,62,37,7,41,50,53,52,45,"51
",61,51,61,56,59,43,66,88,57,9,49,60,74,79,34,39,51,"47
",57,43,41,35,47,58,35,7,34,45,55,71,45,53,57,62,65,"57
",65,54,45,78,53,9,38,52,59,67,22,29,29,28,30,24,32,"30
",22,39,24,3,21,25,37,44,40,59,59,60,61,47,69,73,52,"83
",58,10,58,52,74,75,37,51,55,50,59,44,59,62,40,76,50,"8
",48,44,64,60,38,48,50,48,56,40,59,58,41,74,58,8,49,"51
",60,62,39,48,62,50,46,48,40,40,61,88,58,7,49,46,53,"49
",39,45,62,48,39,41,32,32,50,69,48,6,38,35,44,42,35,"37
",47,41,33,42,36,31,46,55,46,8,35,46,71,65,43,52,60,"56
",43,52,38,37,55,70,63,8,41,47,72,71,20,23,28,24,21,"23
",18,16,24,36,34,3,19,26,50,50,0,0,0,0,0,0,0,"0
",0,0,0,0,3,0,0,0]
[,0,0,0,0,0,0,0,0,0,0,0,0,0,0,0,3,261,198,217,167,205,63,70,99,98,70,22,54,77,76,76,236,172,175,154,234,63,67,96,98,60,19,49,67,64,67,315,202,185,175,170,77,80,107,116,76,25,66,93,100,87,172,114,94,91,86,159,38,"41
",54,60,40,12,34,48,48,51,169,117,123,122,123,248,50,49,67,"78
",47,16,47,66,62,59,14,11,15,12,10,13,10,11,21,39,29,"2
",6,8,11,11,17,16,20,21,16,20,15,17,31,50,28,2,20,"26
",42,38,34,34,41,35,31,30,20,22,27,44,30,4,29,54,63,"66
",48,50,61,48,51,45,45,48,50,65,46,8,34,65,76,57,19,"22
",25,25,22,20,25,34,26,35,25,4,25,33,38,33,58,60,62,"51
",70,59,53,69,97,106,67,10,46,68,69,70,31,25,27,27,25,"23
",30,30,49,59,40,5,38,65,57,46,34,36,45,37,42,42,55,"65
",77,102,60,7,35,55,55,52,27,31,35,33,47,32,34,36,54,"64
",49,5,25,38,42,41,54,59,60,51,63,47,41,46,74,99,74,"9
",47,71,71,59,29,37,46,38,47,33,36,26,29,41,25,5,30,"38
",62,44,42,51,69,63,72,57,72,61,65,98,58,10,53,49,71,"62
",36,43,53,47,63,44,49,34,46,58,35,7,40,45,55,51,42,"45
",59,52,62,53,60,42,66,86,55,10,52,63,75,78,41,39,56,"50
",57,43,39,35,46,61,35,7,35,41,56,73,43,55,58,61,63,"53
",62,55,46,79,53,8,39,53,58,64,17,31,27,24,29,24,31,"31
",25,44,25,3,23,30,36,44,42,59,56,56,64,50,67,72,45,"83
",58,9,55,51,66,74,38,49,55,50,54,42,59,59,41,76,50,"9
",59,43,65,60,40,44,51,52,57,41,52,55,43,76,61,8,49,"50
",61,64,41,47,62,49,42,49,42,43,59,87,58,8,47,45,53,"49
",41,52,62,48,36,40,30,31,50,73,48,6,37,37,44,42,31,"36
",44,41,32,42,34,30,46,60,43,6,32,38,67,65,43,51,60,"56
",41,49,37,35,57,68,67,9,39,46,75,71,21,23,28,24,20,"23
",20,19,24,35,29,3,18,24,53,47,0,0,0,1,0,0,0,"0
",0,0,0,0,0,0,0,0]
[,0,0,0,0,0,0,0,0,0,0,0,0,0,0,0,0,262,200,215,173,204,67,66,96,96,68,23,56,82,76,79,234,173,176,150,237,64,66,95,102,61,20,47,61,64,64,316,195,183,173,171,76,79,109,114,77,24,66,93,90,86,174,112,99,92,85,160,44,"40
",54,59,43,12,35,47,49,51,169,117,119,124,119,246,54,54,69,"76
",52,16,47,68,66,60,17,11,15,17,13,13,8,20,22,39,25,"0
",6,8,12,9,17,16,20,21,16,19,15,17,31,50,28,2,20,"26
",45,40,34,36,41,33,31,30,21,23,28,37,27,5,30,53,64,"60
",54,44,59,48,49,45,43,50,49,61,46,8,37,62,78,59,22,"21
",26,22,23,21,24,29,28,35,22,3,19,33,38,32,57,60,63,"48
",72,59,52,66,96,106,68,11,46,66,71,71,24,25,25,23,29,"26
",27,31,51,57,41,4,37,69,58,50,35,38,43,35,45,39,55,"61
",77,97,62,7,35,53,56,49,28,34,35,33,49,34,37,37,51,"64
",48,7,26,39,48,46,53,59,63,50,65,51,43,47,77,98,71,"9
",49,69,72,60,31,38,47,39,55,31,37,28,29,40,25,6,30,"38
",62,44,46,52,67,64,73,55,80,64,67,108,62,11,54,56,73,"66
",38,41,53,49,63,43,46,36,46,58,34,8,43,44,57,55,44,"46
",59,55,63,57,61,44,67,88,58,9,48,61,75,83,34,39,50,"45
",57,42,45,30,45,63,37,7,34,49,53,74,40,65,65,60,61,"52
",65,54,44,75,52,8,39,50,58,64,21,30,26,28,29,26,32,"29
",21,42,26,3,22,27,37,44,40,57,57,58,63,48,70,75,44,"86
",60,10,57,51,69,74,35,49,59,51,60,42,61,63,40,76,50,"8
",49,45,59,60,39,48,51,50,54,40,57,57,45,78,62,8,47,"49
",66,65,41,45,62,51,42,47,39,39,58,87,58,8,45,45,52,"49
",40,46,62,48,42,42,32,32,51,72,50,7,35,33,44,42,31,"41
",44,46,35,40,32,32,44,57,44,5,33,36,69,65,42,49,60,"56
",41,50,39,36,55,70,64,8,38,46,72,71,20,22,28,24,20,"22
",17,16,30,32,28,3,19,25,50,47,0,0,0,5,0,0,4,"0
",0,0,0,0,0,0,1,0]
[,0,0,0,0,0,0,0,0,0,0,0,0,0,0,2,0,265,200,213,180,199,65,68,95,95,61,21,53,80,79,79,234,170,175,150,233,59,65,93,95,59,20,49,66,66,71,313,192,188,172,172,85,81,105,116,76,25,69,92,90,85,172,115,97,93,88,161,41,"42
",57,62,39,13,35,50,49,53,168,120,121,122,115,246,55,54,69,"77
",49,16,47,63,65,62,14,12,15,12,19,12,8,9,21,39,27,"0
",6,8,11,8,17,16,20,21,16,19,15,17,31,50,28,2,20,"26
",42,38,36,34,41,33,30,30,28,21,29,43,34,4,29,53,65,"64
",47,52,57,48,49,47,43,46,51,64,47,8,35,66,79,57,21,"21
",25,22,21,22,24,30,28,38,23,3,21,34,39,32,60,59,64,"52
",71,57,56,68,95,110,64,12,47,66,66,70,23,23,26,22,30,"25
",27,33,46,57,40,5,37,66,54,44,41,37,45,38,45,38,54,"61
",78,102,60,7,35,49,49,46,29,29,35,31,47,35,34,36,54,"64
",50,6,28,38,47,44,56,61,64,49,63,50,46,51,77,101,71,"10
",49,69,71,60,30,38,46,40,47,32,37,23,29,40,25,5,30,"38
",62,44,47,52,76,67,68,61,75,65,65,108,62,10,55,54,69,"66
",38,39,53,48,63,45,48,35,46,61,35,7,43,47,53,51,41,"44
",66,52,63,59,62,43,66,89,56,8,48,60,77,85,40,40,51,"47
",57,42,43,34,47,60,36,7,34,43,55,73,44,59,59,61,64,"59
",68,54,46,75,56,9,42,52,55,69,27,33,26,26,32,24,31,"32
",25,40,27,4,23,27,34,44,44,59,56,58,65,51,69,75,45,"80
",56,10,56,52,69,75,35,49,54,52,65,40,66,64,41,77,58,"7
",55,39,59,60,38,48,50,47,55,43,53,58,45,75,60,8,50,"48
",59,63,40,47,62,48,50,47,41,41,58,85,59,8,46,43,51,"49
",44,45,62,52,44,45,31,34,51,70,51,6,35,35,45,42,32,"34
",44,41,35,40,33,32,45,55,47,6,32,39,67,65,42,55,62,"56
",41,49,37,45,55,67,64,7,39,41,71,71,20,22,28,24,19,"23
",17,17,24,36,29,4,18,22,50,47,0,0,0,1,0,0,0,"0
",0,0,1,0,0,0,4,0]
[,0,0,0,0,0,0,0,0,0,0,0,0,0,0,0,0,253,198,214,176,204,67,69,99,98,66,23,58,81,76,77,234,171,175,150,228,62,65,97,103,59,20,50,67,64,66,313,195,186,171,170,76,82,108,115,78,25,71,94,91,84,169,113,97,88,85,157,40,"42
",54,61,39,13,40,49,52,53,169,117,118,121,118,245,53,54,68,"75
",51,16,50,64,67,61,19,12,15,11,9,15,8,11,24,39,26,"1
",7,8,11,8,17,16,20,21,16,19,16,17,31,50,28,4,20,"26
",42,40,34,34,41,34,31,33,23,21,26,37,27,5,32,55,67,"63
",49,52,61,51,46,45,45,51,50,63,45,9,34,68,82,64,22,"25
",25,20,23,22,24,30,30,38,21,4,20,34,39,33,61,62,63,"53
",73,60,57,73,93,111,66,11,48,66,68,77,23,25,26,24,29,"27
",28,33,47,56,40,5,37,69,60,44,36,38,46,35,50,47,58,"61
",78,100,65,8,35,49,49,48,29,29,34,30,49,33,32,36,59,"62
",50,6,26,40,40,44,56,59,67,52,65,53,44,48,78,101,72,"10
",49,71,71,62,28,35,47,40,52,35,37,27,41,40,25,5,31,"41
",62,44,44,52,70,63,72,58,76,63,69,107,61,9,56,57,72,"65
",36,41,55,48,63,42,49,32,47,58,37,7,44,47,58,52,50,"52
",59,49,63,58,63,46,67,91,56,10,50,62,76,81,34,39,50,"46
",57,42,44,33,48,60,37,8,34,40,60,71,46,58,57,61,66,"54
",65,54,53,80,63,10,41,53,59,64,20,31,27,26,31,26,33,"29
",21,43,25,4,22,27,34,43,44,58,57,64,65,50,68,75,46,"85
",61,9,53,56,72,75,41,53,50,54,57,49,58,62,43,77,51,"8
",49,44,61,60,40,49,51,49,56,45,54,56,44,79,55,8,48,"45
",57,62,40,44,62,48,47,47,42,44,58,90,64,8,46,47,56,"51
",41,50,62,48,40,40,32,32,53,68,50,6,36,36,44,42,33,"35
",48,41,32,45,31,34,44,55,49,6,34,44,67,65,42,49,60,"56
",44,49,36,35,55,69,63,8,40,47,72,71,20,25,28,24,21,"23
",18,17,26,34,30,2,19,30,53,47,1,1,0,0,0,1,0,"0
",0,0,0,0,0,0,0,0]
[,0,0,3,0,0,0,0,0,0,2,0,0,0,0,5,0,261,198,212,174,204,66,68,97,99,68,22,52,78,68,80,233,172,175,148,229,61,67,97,98,61,19,47,66,65,67,313,198,184,173,169,76,81,105,112,70,25,62,95,95,83,171,113,94,90,86,160,39,"39
",55,63,38,12,33,50,48,52,172,117,120,122,119,245,55,50,70,"77
",52,17,47,64,63,67,14,13,15,12,11,12,9,11,20,39,25,"1
",7,9,11,8,17,16,20,21,17,19,15,17,31,50,28,2,20,"31
",42,38,34,34,41,33,32,30,22,23,27,38,27,4,31,56,63,"60
",51,54,59,55,51,46,44,49,53,64,48,8,33,68,76,60,20,"22
",25,29,25,21,25,30,30,38,21,3,23,33,38,31,54,59,65,"49
",72,60,52,69,95,107,67,11,45,66,67,74,24,24,26,24,25,"25
",26,30,47,57,41,6,38,70,52,46,36,39,44,35,48,41,55,"63
",80,101,65,8,34,51,51,54,28,33,34,31,46,35,33,38,54,"67
",47,5,27,39,41,42,52,59,62,50,66,52,44,53,77,99,73,"9
",48,73,67,67,28,37,47,37,49,34,36,24,29,40,25,5,30,"38
",62,44,46,51,68,64,72,55,75,57,63,104,67,10,51,50,65,"70
",34,38,53,44,63,45,48,33,46,59,36,6,42,43,53,51,43,"47
",60,49,63,53,62,42,66,87,56,9,49,60,72,78,33,40,48,"45
",57,43,37,31,45,59,35,7,37,45,53,68,44,59,57,63,65,"52
",61,55,43,81,56,8,40,50,56,68,21,32,29,27,31,21,34,"29
",24,45,29,4,22,27,37,48,44,59,59,57,66,51,64,72,46,"81
",61,9,54,52,69,76,37,48,51,50,58,44,58,61,42,79,49,"8
",47,45,59,60,38,50,50,47,65,40,50,56,43,83,60,7,50,"53
",59,62,40,45,62,51,47,48,41,41,59,85,62,8,48,46,52,"49
",42,47,62,48,37,42,30,32,50,74,55,7,44,37,44,44,37,"34
",46,43,38,43,33,34,44,62,46,6,35,43,72,66,45,54,60,"56
",44,51,39,37,56,71,66,8,38,45,76,71,20,25,28,24,22,"23
",18,20,27,35,32,4,21,25,52,47,0,0,0,0,0,0,0,"0
",0,0,0,0,0,0,0,0]
[,0,0,0,0,0,0,0,0,0,0,1,0,0,0,0,2,262,198,212,173,203,66,70,101,102,61,23,56,76,74,77,234,171,174,149,229,61,64,94,94,59,19,49,64,65,64,317,198,191,171,170,81,80,108,112,83,27,73,88,90,82,172,115,95,93,85,160,40,"42
",56,61,41,11,36,48,50,55,174,118,118,121,117,246,55,55,68,"75
",49,16,51,59,62,60,14,11,15,11,11,15,8,11,21,39,29,"1
",6,9,14,17,17,16,20,21,19,19,16,18,31,50,28,2,20,"27
",42,38,34,34,41,35,37,31,22,21,26,37,24,5,29,58,65,"61
",45,51,57,49,50,46,42,47,51,67,44,8,35,68,77,65,19,"23
",26,20,27,34,24,29,29,38,21,3,19,33,40,32,59,59,63,"51
",71,57,50,69,97,107,64,10,47,67,71,74,27,28,28,21,30,"23
",27,31,47,56,42,5,37,65,53,45,39,36,46,38,45,44,55,"63
",78,101,67,9,35,54,54,51,31,30,35,31,47,33,32,37,54,"64
",49,5,27,40,41,40,54,60,63,50,68,50,43,48,75,104,70,"10
",47,70,69,64,29,35,46,37,47,31,35,25,29,42,25,5,30,"40
",62,45,50,57,74,64,76,53,75,63,66,104,62,10,55,56,71,"62
",37,39,55,48,63,42,50,35,46,62,37,6,43,46,57,52,46,"46
",61,54,61,52,61,43,75,92,53,9,52,58,75,81,33,39,52,"47
",57,44,43,33,46,61,37,6,34,40,54,72,42,57,57,61,64,"51
",63,54,46,80,50,9,38,53,60,72,20,30,25,26,25,20,29,"29
",21,38,23,3,20,28,35,45,45,60,59,59,66,52,69,73,48,"83
",61,9,56,53,73,78,39,52,54,50,61,42,58,60,41,77,52,"9
",50,42,59,61,41,52,54,51,57,43,55,58,44,77,60,8,50,"51
",60,64,40,46,62,49,46,44,45,44,59,90,59,8,47,48,59,"56
",44,54,62,48,39,41,31,31,50,73,53,6,38,38,48,42,31,"36
",44,41,35,42,35,32,45,59,45,6,34,41,70,66,46,49,60,"56
",43,51,36,38,54,71,72,8,39,45,73,71,20,22,29,24,19,"23
",18,16,26,35,30,4,18,26,50,47,0,0,0,0,0,0,0,"0
",0,0,0,0,0,0,0,0]
[,0,0,0,2,0,0,0,3,0,0,0,0,0,0,0,0,267,198,214,173,205,66,69,95,97,67,23,58,79,75,80,234,170,174,147,230,56,65,93,95,63,18,46,67,65,67,314,195,181,170,169,74,79,106,115,77,25,71,92,90,81,171,114,95,87,84,159,39,"40
",54,65,44,13,35,46,47,54,172,117,120,123,120,246,54,53,69,"77
",51,16,50,63,61,66,14,12,17,15,22,12,9,12,20,39,26,"1
",6,9,11,10,17,16,20,21,16,19,15,17,32,50,28,3,20,"26
",42,38,34,37,41,34,33,31,22,21,27,37,27,6,29,55,65,"62
",42,50,54,45,53,49,42,47,51,66,45,10,39,62,79,65,21,"24
",25,22,24,22,24,28,31,38,23,3,20,34,41,34,56,59,65,"49
",67,54,56,66,90,110,66,9,45,67,70,77,21,23,25,21,27,"24
",28,30,43,52,37,5,38,66,56,46,36,38,42,38,49,40,56,"64
",77,99,64,8,36,53,49,51,28,34,35,29,47,36,37,37,55,"63
",50,6,24,37,48,45,52,59,62,49,66,52,45,50,79,97,74,"10
",52,73,73,63,30,39,46,40,47,34,33,29,29,40,26,7,30,"38
",62,44,46,49,67,62,69,57,75,66,67,106,58,10,56,55,70,"64
",35,38,53,54,65,49,48,34,46,62,34,7,40,45,54,51,46,"43
",69,51,62,55,64,43,67,89,54,10,50,60,75,84,34,38,49,"46
",57,43,44,34,49,58,35,6,35,42,54,73,49,59,60,64,61,"54
",63,54,47,79,53,9,38,53,60,69,20,32,27,27,30,24,35,"29
",21,40,26,4,22,27,36,45,44,55,57,56,72,53,69,74,46,"83
",58,12,53,52,81,76,46,49,52,50,54,45,59,62,41,75,49,"8
",48,43,62,61,40,49,52,48,55,44,56,58,47,81,58,7,47,"52
",65,64,38,50,62,48,44,47,39,44,62,86,60,8,46,45,54,"51
",39,45,62,48,36,40,32,34,53,72,51,6,36,37,49,42,31,"37
",47,41,33,44,32,30,44,59,48,7,39,35,69,67,42,49,60,"56
",41,49,37,37,57,69,65,7,40,45,71,71,20,22,28,24,19,"22
",18,18,24,34,29,2,18,24,50,47,0,0,0,0,0,3,6,"0
",0,0,1,0,0,0,0,0]
[,0,0,0,0,0,0,0,0,0,0,0,0,0,0,0,0,253,175,192,151,192,55,61,89,90,61,19,49,73,68,76,214,143,140,124,201,48,55,84,84,51,16,42,55,57,57,57,57,57,57,57,57,57,57,57,57,57,57,57,57,80,165,102,79,74,70,147,32,"37
",52,59,34,10,32,41,45,51,149,98,99,100,97,223,42,45,61,"67
",44,13,41,52,58,57,14,11,15,11,9,12,8,10,20,51,25,"0
",6,8,11,8,38,48,69,142,229,68,40,43,53,75,41,11,29,"47
",71,63,43,44,70,122,198,59,32,33,40,54,31,11,34,55,82,"74
",40,44,54,57,49,40,34,40,45,61,40,6,31,62,70,51,99,"128
",179,757,261,129,74,76,93,110,71,27,61,90,104,98,54,59,61,"88
",87,54,49,66,83,110,62,9,45,66,66,70,21,23,24,26,25,"23
",25,30,43,52,32,4,35,65,52,43,33,36,45,44,43,36,52,"61
",74,102,59,7,33,50,47,46,27,29,32,35,46,31,32,35,51,"61
",47,4,24,37,45,41,49,59,60,46,63,47,41,46,74,93,69,"8
",47,68,67,58,28,35,46,34,47,31,33,23,29,40,25,5,30,"38
",62,44,42,46,64,55,67,50,67,54,63,94,53,8,50,49,65,"60
",34,38,53,44,63,44,43,32,46,58,33,6,40,41,53,51,39,"43
",56,49,61,51,52,41,66,81,52,8,48,56,72,78,32,36,48,"45
",57,41,37,30,45,58,35,6,34,40,53,67,39,52,57,60,60,"49
",57,54,43,75,50,7,38,48,54,64,17,24,24,25,28,20,30,"27
",19,38,21,3,18,23,31,42,40,54,56,56,61,47,64,69,43,"74
",55,8,52,47,65,74,35,46,50,50,54,40,57,59,38,67,46,"7
",46,39,57,60,35,43,50,47,49,40,50,53,40,72,53,6,47,"47
",57,62,38,44,62,48,43,44,39,39,56,81,53,7,45,44,50,"49
",39,45,62,48,40,40,30,31,50,68,44,5,35,33,44,42,31,"34
",44,41,36,40,31,30,44,55,41,5,32,38,67,65,42,49,60,"56
",40,49,36,35,54,67,57,7,38,44,71,71,20,22,28,24,19,"21
",15,16,24,32,26,2,18,27,50,47,0,0,0,0,0,3,0,"2
",0,3,7,0,1,0,5,0]
,,,,,,,,,,,,,,,,,,,,,,,,,,,,,,,,,,,,,,,,,,,,,,,,,,,,,,,,,,,,,,,,,,,,,,,,,,,,,,,,,,,,,,,,,,,,,,,,,,,,,,,,,,,,,,,,,,,,,,,,,,,,,,,,,,,,,,,,,,,,,,,,,,,,,,,,,,,,,,,,,,,,,,,,,,,,,,,,,,,,,,,,,,,,,,,,,,,,,,,,,,,,,,,,,,,,,,,,,,,,,,,,,,,,,,,,,,,,,,,,,,,,,,,,,,,,,,,,,,,,,,,,,,,,,,,,,,,,,,,,,,,,,,,,,,,,,,,,,,,,,,,,,,,,,,,,,,,,,,,,,,,,,,,,,,,,,,,,,,,,,,,,,,,,,,,,,,,,,,,,,,,,,,,,,,,,,,,,,,,,,,,,,,,,,,,,,,,,,,,,,,,,,,,,,,,,,,,,,,,,,,,,,,,,,,,,,,,,,,,,,,,,,,,,,,,,,,,,,,,,,,,,,,,,,,,,,,,,,,,,,,,,,,,,,,,,,,,,,,,,,,,,,,,,,
,,,,,,,,,,,,,,,,,,,,,,,,,,,,,,,,,,,,,,,,,,,,,,,,,,,,,,,,,,,,,,,,,,,,,,,,,,,,,,,,,,,,,,,,,,,,,,,,,,,,,,,,,,,,,,,,,,,,,,,,,,,,,,,,,,,,,,,,,,,,,,,,,,,,,,,,,,,,,,,,,,,,,,,,,,,,,,,,,,,,,,,,,,,,,,,,,,,,,,,,,,,,,,,,,,,,,,,,,,,,,,,,,,,,,,,,,,,,,,,,,,,,,,,,,,,,,,,,,,,,,,,,,,,,,,,,,,,,,,,,,,,,,,,,,,,,,,,,,,,,,,,,,,,,,,,,,,,,,,,,,,,,,,,,,,,,,,,,,,,,,,,,,,,,,,,,,,,,,,,,,,,,,,,,,,,,,,,,,,,,,,,,,,,,,,,,,,,,,,,,,,,,,,,,,,,,,,,,,,,,,,,,,,,,,,,,,,,,,,,,,,,,,,,,,,,,,,,,,,,,,,,,,,,,,,,,,,,,,,,,,,,,,,,,,,,,,,,,,,,,,,,,,,,,,
,,,,,,,,,,,,,,,,,257.0408163,197.6530612,212.9795918,173.6326531,202.8163265,64.2244898,,,,,,,,,,,,,,,,,93.17391304,95.82608696,60,19.43478261,49.13043478,64.26086957,,,,,,,,,,,,,,,,,92.45454545,169.8363636,111.5818182,93.67272727,89.18181818,84.10909091,,,,,,,,,,,,,,,,,,,,,,,,,,,,,,,,,,,,,,,,,,,,,,,,,,,,,,,,,,,,,,,,,,,,,,,,,,,,,,,,,,,,,,,,,,,,,,,,,,,,,,,,,,,,,,,,,,,,,,,,,,,,,,,,,,,,,,,,,,,,,,,,,,,,,,,,,,,,,,,,,,,,,,,,,,,,,,,,,,,,,,,,,,,,,,,,,,,,,,,,,,,,,,,,,,,,,,,,,,,,,,,,,,,,,,,,,,,,,,,,,,,,,,,,,,,,,,,,,,,,,,,,,,,,,,,,,,,,,,,,,,,,,,,,,,,,,,,,,,,,,,,,,,,,,,,,,,,,,,,,,,,,,,,,,,,,,,,,,,,,,,,,,,,,,,,,,,,,,,,,,,,,,,,,,,,,,,,,,,,,,,,,,,,,,,,,,,,,,,,,,,,,,,,,,,,,,,,,,,,,,,,,,,,,,,,,,,,,,,,,,,,
