2022-07-30 10-45-04,"[ 0.          0.          0.          0.          0.          0.
  0.          0.          0.          0.         37.89913086 39.71094124
 37.2267923  38.82100901 37.55416659 36.86608196 37.03194494  0.
 49.69432719 38.71012116 39.01341216 62.93627892 41.21304581 45.90976862
 50.29565904 42.83260514 40.78908203 41.20695371 40.9489162  38.47735225
 38.65650665 39.32992119 35.79776308 34.67745314 37.84276642 38.053964
 37.36330314 37.78583297 37.58356939 37.65908349 21.34563779 40.68949959
 42.61681405 37.60617378 38.88884476 37.93043093 37.61884473 39.14785916
 37.68774826 37.82492232 52.24160835 40.55445061 39.31154959 39.07893687
 40.81627475 41.48502469 40.78161038 39.97615736 39.02833834 39.10738378
 40.70023755 41.30069791 44.04927959 42.15112682 40.6399968  40.55336609
 39.90811419 38.58927442 37.19115954 39.60737229 42.34148526 41.10875415
 42.68252736 42.02873585 39.44129068 40.54449684 42.48176647 38.80815895
 40.6114442  39.50293981 40.74453776 37.29417465 38.47683519 37.35818067
 36.69162136 37.16861815 38.39160833 36.07660991 37.02866871 36.64906975
  0.          0.          0.          0.          0.          0.
  0.          0.          0.          0.        ]",0
2022-07-30 10-45-13,"[ 0.          0.          0.          0.          0.          0.
  0.          0.          0.          0.         37.70463385 39.71094124
 38.12330909 39.08180274 39.32738187 36.49794705 40.28852302  0.
 55.95080723 39.41669442 38.11899988 60.95180165 41.21304581 44.58907665
 51.22953069 45.15235939 42.07522426 40.80182917 40.53588679 38.79017626
 38.40525731 38.71263543 36.65495011 34.46873244 37.84276642 38.32276092
 37.36330314 37.57607815 37.37259506 37.45907318 51.22953069 39.89941222
 41.13999376 37.23696871 37.97840358 37.93043093 37.61884473 38.90663116
 37.14324003 37.37653205 51.14672434 39.74720562 38.88819444 38.62453063
 39.59701192 40.82353227 40.31208526 39.62723828 38.64463276 38.78380023
 40.33684257 41.30069791 43.58490465 41.76391174 41.00706774 41.34964536
 40.77210429 39.09276915 37.69716172 39.60737229 41.33847208 40.33589486
 41.64149011 41.41517767 39.44129068 41.2712868  41.75911188 38.50395166
 40.22831737 38.58426679 39.58040811 37.11802133 38.47683519 37.94982606
 37.04515385 37.93952282 38.58288324 36.63041752 37.20755116 36.45442371
  0.          0.          0.          0.          0.          0.
  0.          0.          0.          0.        ]",0
2022-07-30 10-45-14,"[ 0.          0.          0.          0.          0.          0.
  0.          0.          0.          0.         37.51013685 39.31154959
 38.42214802 39.08180274 39.32738187 36.12981213 40.28852302  0.
 54.69951122 39.06340779 37.82086245 60.95180165 40.50940845 43.70861533
 51.22953069 43.99248226 43.36136648 40.39670462 40.9489162  38.79017626
 38.40525731 39.02127831 36.94067912 34.67745314 38.0562228  38.32276092
 37.61430422 37.57607815 37.58356939 37.45907318 51.22953069 39.89941222
 40.40158362 36.86776364 37.97840358 37.93043093 37.91945193 38.90663116
 37.14324003 37.37653205 51.14672434 39.74720562 38.88819444 38.62453063
 39.59701192 40.16203985 39.84256015 39.62723828 38.64463276 38.46021667
 40.33684257 41.30069791 44.04927959 41.76391174 40.6399968  41.34964536
 40.19611089 39.34451651 37.69716172 39.60737229 41.33847208 40.33589486
 41.64149011 41.10839857 39.16184834 41.2712868  41.39778458 39.11236625
 40.22831737 39.0436033  39.34758218 37.11802133 38.47683519 37.5553958
 36.51485512 37.74679666 37.81778358 36.99962259 37.02866871 36.25977766
  0.          0.          0.          0.          0.          0.
  0.          0.          0.          0.        ]",0
2022-07-30 10-45-19,"[ 0.          0.          0.          0.          0.          0.
  0.          0.          0.          0.         37.51013685 38.91215794
 39.01982588 40.38577137 41.54390098 36.86608196 42.24246986  0.
 57.20210324 39.76998106 38.11899988 60.95180165 40.50940845 43.70861533
 53.097274   45.73229795 44.0044376  40.80182917 40.9489162  38.79017626
 38.40525731 38.71263543 37.22640813 34.67745314 38.26967918 38.59155784
 38.11630637 37.57607815 37.37259506 37.45907318 51.22953069 39.89941222
 41.13999376 36.86776364 37.97840358 38.26866407 38.22005914 39.14785916
 37.41549415 37.37653205 51.14672434 39.74720562 38.88819444 38.62453063
 39.59701192 40.16203985 39.84256015 39.62723828 38.64463276 38.46021667
 40.33684257 41.30069791 43.58490465 42.15112682 40.6399968  41.34964536
 40.19611089 39.09276915 37.9501628  39.60737229 41.33847208 40.07827509
 41.64149011 41.10839857 39.16184834 41.2712868  41.39778458 39.11236625
 40.22831737 39.0436033  39.34758218 36.94186801 38.05697884 37.75261093
 36.69162136 37.55407049 37.43523374 36.63041752 36.84978625 36.06513162
  0.          0.          0.          0.          0.          0.
  0.          0.          0.          0.        ]",0
2022-07-30 10-45-24,"[ 0.          0.          0.          0.          0.          0.
  0.          0.          0.          0.         37.51013685 38.91215794
 38.12330909 39.60339019 40.21398952 35.76167722 40.93983863  0.
 54.69951122 39.06340779 38.11899988 60.95180165 42.62032055 43.70861533
 52.16340235 43.99248226 44.0044376  39.99158008 40.9489162  38.79017626
 38.40525731 39.02127831 37.22640813 34.67745314 38.26967918 38.86035476
 38.11630637 37.57607815 37.37259506 37.25906287 51.22953069 39.89941222
 41.13999376 36.86776364 37.67492318 38.26866407 37.61884473 38.90663116
 37.14324003 37.37653205 51.14672434 39.74720562 38.88819444 38.62453063
 39.59701192 40.16203985 39.37303503 38.92940013 38.26092719 38.46021667
 40.33684257 41.62264099 43.58490465 42.15112682 40.6399968  41.34964536
 40.19611089 39.09276915 37.9501628  39.60737229 41.33847208 40.07827509
 41.64149011 41.10839857 39.16184834 41.2712868  41.39778458 38.50395166
 40.6114442  39.0436033  38.41627846 36.94186801 37.6371225  37.5553958
 36.51485512 37.55407049 37.43523374 36.63041752 36.84978625 35.87048557
  0.          0.          0.          0.          0.          0.
  0.          0.          0.          0.        ]",0
2022-07-30 10-45-30,"[ 0.          0.          0.          0.          0.          0.
  0.          0.          0.          0.         37.51013685 38.91215794
 37.82447016 39.34259647 40.21398952 36.12981213 40.93983863  0.
 54.69951122 39.06340779 37.82086245 60.95180165 39.80577108 41.06723138
 49.36178739 42.83260514 42.71829537 39.99158008 40.53588679 38.47735225
 38.40525731 38.71263543 36.94067912 34.46873244 37.62931004 38.053964
 37.61430422 37.1565685  36.95064641 37.05905257 51.22953069 39.89941222
 40.40158362 36.86776364 37.67492318 37.93043093 37.91945193 38.90663116
 37.14324003 37.37653205 51.14672434 39.74720562 38.88819444 38.62453063
 39.59701192 40.16203985 39.37303503 38.92940013 38.26092719 38.46021667
 40.33684257 40.97875483 43.12052972 41.76391174 39.90585492 40.15522645
 39.62011749 38.84102178 37.69716172 39.14720365 41.33847208 40.07827509
 41.64149011 41.10839857 39.16184834 40.54449684 41.39778458 37.89553707
 39.84519054 38.58426679 39.11475625 36.94186801 37.6371225  37.75261093
 36.69162136 37.55407049 37.62650866 36.63041752 37.02866871 35.87048557
  0.          0.          0.          0.          0.          0.
  0.          0.          0.          0.        ]",0
2022-07-30 10-45-35,"[ 0.          0.          0.          0.          0.          0.
  0.          0.          0.          0.         37.12114284 38.51276629
 37.82447016 39.60339019 39.32738187 35.76167722 41.59115424  0.
 53.44821521 39.06340779 38.41713731 60.95180165 40.50940845 43.26838467
 51.22953069 43.99248226 44.64750871 40.39670462 40.9489162  38.47735225
 38.40525731 38.40399256 37.22640813 34.67745314 37.84276642 38.32276092
 37.86530529 37.1565685  37.16162074 37.05905257 51.22953069 39.89941222
 40.40158362 36.86776364 37.67492318 37.93043093 37.91945193 38.90663116
 37.41549415 37.37653205 51.14672434 39.74720562 38.88819444 38.62453063
 39.59701192 40.16203985 39.37303503 38.92940013 38.26092719 38.46021667
 40.33684257 40.97875483 43.12052972 41.37669666 39.90585492 40.15522645
 39.62011749 38.58927442 37.69716172 39.14720365 41.33847208 40.07827509
 41.64149011 41.10839857 39.16184834 40.90789182 41.39778458 38.50395166
 40.22831737 38.58426679 39.11475625 37.11802133 37.84705067 37.75261093
 37.04515385 37.74679666 37.43523374 36.44581499 37.02866871 35.87048557
  0.          0.          0.          0.          0.          0.
  0.          0.          0.          0.        ]",0
2022-07-30 10-45-40,"[ 0.          0.          0.          0.          0.          0.
  0.          0.          0.          0.         37.31563984 38.51276629
 37.52563123 39.08180274 38.88407805 34.65727248 40.28852302  0.
 55.95080723 39.06340779 37.52272502 60.95180165 40.50940845 44.14884599
 53.097274   43.4125437  42.71829537 39.99158008 40.53588679 38.16452825
 38.40525731 38.40399256 37.22640813 34.46873244 37.62931004 37.78516708
 37.36330314 37.1565685  36.95064641 37.05905257 51.22953069 39.89941222
 40.40158362 36.86776364 37.67492318 37.59219779 37.61884473 38.90663116
 37.14324003 37.37653205 51.14672434 39.74720562 38.88819444 38.62453063
 39.59701192 40.16203985 39.37303503 38.92940013 38.26092719 38.46021667
 40.33684257 41.30069791 43.12052972 41.37669666 40.27292586 40.55336609
 39.62011749 38.84102178 37.44416063 39.14720365 41.33847208 40.07827509
 41.64149011 41.10839857 39.16184834 41.2712868  41.39778458 37.89553707
 39.46206371 38.58426679 39.11475625 37.29417465 38.26690702 37.75261093
 36.86838761 37.74679666 37.62650866 36.44581499 37.02866871 36.25977766
  0.          0.          0.          0.          0.          0.
  0.          0.          0.          0.        ]",0
2022-07-30 10-45-45,"[  0.           0.           0.           0.           0.
   0.           0.           0.           0.           0.
   0.           0.           5.54986582   0.           0.
   0.           0.         411.25928805  44.68914315  23.87208254
   0.          60.95180165  39.80577108   0.          48.42791573
  41.09278946  40.14601092  39.99158008  39.70982796  38.16452825
  38.40525731  38.40399256  34.65484704  34.26001174  37.20239729
  37.51637016  36.86130099  37.1565685   36.95064641  37.05905257
   0.          39.89941222  41.13999376  38.34458393  37.67492318
  37.25396465  40.02370238  38.90663116  42.04381411  37.37653205
 109.17557672  39.74720562  38.88819444  54.98315537  51.78964023
  71.91367606  54.39783885  49.74589158  57.06250029  43.63755353
  45.42437226  48.38344565  48.69302894  58.80137507  58.25940187
  66.03430298  48.5480152   55.95984249  54.90123552  57.09378064
  41.33847208  40.07827509  41.64149011  43.56263132  39.16184834
  41.99807675  41.39778458  38.19974437  39.46206371  38.58426679
  10.70999278  25.4919021   15.80459247  19.41160368  21.13619207
  20.78689386  26.34128856  24.44665014  19.67707033  17.57375727
   0.           0.           0.           0.           0.
   0.           0.           0.           0.           0.        ]",0
2022-07-30 10-45-50,"[   0.            0.            0.            0.            0.
    0.            0.            0.            0.            0.
    0.            0.            0.            0.            0.
    0.            0.         1378.92820112    0.           23.87208254
    0.           60.95180165   39.80577108   30.06146493   48.42791573
   52.69156068   49.79207762   39.99158008   39.70982796   38.16452825
   38.40525731   38.40399256   34.65484704   34.26001174   37.20239729
   37.51637016   36.86130099   37.1565685    36.95064641   37.05905257
    0.           39.89941222   40.40158362   36.86776364   37.67492318
   37.25396465   37.01763031   38.90663116   37.14324003   37.37653205
  128.88348885   39.74720562   39.31154959   49.07587421   49.75753551
   52.73039585   48.76353742   50.09481066   40.56316063   38.46021667
   51.96548187   40.97875483   43.12052972   44.47441727   50.55091215
   44.53476248   39.33212079   37.83403233   38.20316389   38.91711933
   41.33847208   40.07827509   41.64149011   41.10839857   39.16184834
   40.18110186   41.39778458   37.89553707   39.46206371   38.58426679
    2.3282593     7.70041663    6.1478965    10.14249249   16.71703602
   14.4269303    13.33459421   12.07828022   13.23730186    7.84145499
    0.            0.            0.            0.            0.
    0.            0.            0.            0.            0.        ]",0
2022-07-30 10-45-55,"[  0.           0.           0.           0.           0.
   0.           0.           0.           0.           0.
   0.           0.           0.           0.           0.
   0.           0.         991.86063589   0.           8.32747065
   5.62202009 201.84968733  78.50582629  74.96499205 134.34410783
 101.98633835  93.52091331  54.98118824  45.90526917  40.35429627
  38.40525731  38.40399256  34.65484704  34.26001174  37.20239729
  37.51637016  36.86130099  37.1565685   36.95064641  37.05905257
   0.          39.89941222  40.40158362  36.86776364  37.67492318
  37.25396465  37.01763031  38.90663116  37.14324003  37.37653205
 128.88348885  39.74720562  38.88819444  40.89656184  39.59701192
  40.16203985  39.37303503  38.92940013  44.01651079  38.46021667
  40.33684257  40.97875483  43.12052972  41.37669666  39.90585492
  39.75708681  39.33212079  37.83403233  36.68515737  38.91711933
  41.33847208  40.07827509  41.64149011  41.10839857  39.16184834
  40.18110186  41.39778458  37.89553707  39.46206371  38.58426679
   0.           4.88196348   1.94933304   3.83160827   7.87872393
   9.0305976    9.50909587  10.41685739   8.58635796   2.97530384
   0.           0.           0.           0.           0.
   0.           0.           0.           0.           0.        ]",0
2022-07-30 10-46-00,"[0.00000000e+00 0.00000000e+00 0.00000000e+00 0.00000000e+00
 0.00000000e+00 0.00000000e+00 0.00000000e+00 0.00000000e+00
 0.00000000e+00 0.00000000e+00 0.00000000e+00 0.00000000e+00
 0.00000000e+00 0.00000000e+00 0.00000000e+00 0.00000000e+00
 0.00000000e+00 1.20958614e+03 0.00000000e+00 1.00939038e+01
 1.09884938e+01 9.27034379e+01 6.51367163e+01 5.73557657e+01
 7.92456803e+01 5.21116221e+01 7.35857088e+01 4.08018292e+01
 3.97098280e+01 3.81645283e+01 3.84052573e+01 3.84039926e+01
 3.46548470e+01 3.42600117e+01 3.72023973e+01 3.75163702e+01
 3.68613010e+01 3.71565685e+01 3.69506464e+01 3.70590526e+01
 0.00000000e+00 3.98994122e+01 4.04015836e+01 3.68677636e+01
 3.76749232e+01 3.72539646e+01 3.70176303e+01 3.89066312e+01
 3.71432400e+01 3.73765320e+01 1.45306749e+02 3.97472056e+01
 3.88881944e+01 3.86245306e+01 3.95970119e+01 4.01620398e+01
 3.93730350e+01 3.89294001e+01 3.82609272e+01 3.84602167e+01
 4.03368426e+01 4.09787548e+01 4.31205297e+01 4.13766967e+01
 3.99058549e+01 3.97570868e+01 3.93321208e+01 3.78340323e+01
 3.66851574e+01 3.89171193e+01 4.13384721e+01 4.00782751e+01
 4.16414901e+01 4.11083986e+01 3.91618483e+01 4.01811019e+01
 4.13977846e+01 3.78955371e+01 3.94620637e+01 3.85842668e+01
 0.00000000e+00 1.00659041e+00 0.00000000e+00 0.00000000e+00
 9.84840491e-01 3.82699105e+00 1.47554936e+00 4.32497370e+00
 0.00000000e+00 0.00000000e+00 0.00000000e+00 0.00000000e+00
 0.00000000e+00 0.00000000e+00 0.00000000e+00 0.00000000e+00
 0.00000000e+00 0.00000000e+00 0.00000000e+00 0.00000000e+00]",0
2022-07-30 10-46-06,"[  0.           0.           0.           0.           0.
   0.           0.           0.           0.           0.
   0.           0.           0.           0.           0.
   0.           0.         725.7516848   22.165815     9.74061719
   2.04437094  51.02941534  22.21483689  39.74653941  38.15532755
  64.2903319   51.72129095  31.88908918  26.90591612  21.89768014
   0.           0.           0.           1.49086213   0.
   0.           4.73316316   5.69334517   6.99229198  13.25782605
   0.          18.17200953  39.66317347  17.29989481  12.48605049
   3.43065044   7.25751685   5.61716641   7.46754145   5.7650178
 129.97837286  16.60618262  33.3845775   28.62759329  30.65575117
   9.73338848  21.06155536  15.55182182  17.54082622  16.13295146
  16.35277401  18.12079619  17.11553333  16.20771674  22.6535208
   8.70219497  12.83642436  10.64531708  10.12004341  10.15657928
   0.           8.13342405   0.           2.76101184   8.70263296
   1.66123419   2.37443652   2.91169838   0.           0.
   0.           4.52965684   0.           0.           5.2272303
   2.47790788   3.00574869   4.14037117   0.           0.
   0.           0.           0.           0.           0.
   0.           0.           0.           0.           0.        ]",0
2022-07-30 10-46-18,"[  0.           0.           0.           0.           0.
   0.           0.           0.           0.           0.
   0.           0.           0.           0.           0.
   0.           0.         399.16342664  39.68395912   0.55516471
   0.          60.95180165  26.43666109  38.42584744  65.23760549
  30.0739568   42.07522426  22.1661001   18.23229842   9.38472006
   0.           0.           0.           0.           0.
   0.           1.72115024   4.22506142   5.51547169   7.85754777
   0.          20.14722795  28.58702131  14.71545931  14.61041325
   7.151215     6.65630243   3.92857037   7.73979557   2.85048102
  89.46766459  12.56995768  27.88096056  17.26743722  24.96585796
  28.91666869  14.01867857   8.57344023  12.93635934   8.04336262
  30.88857314  12.00387768  25.93865711  12.72278106  21.18523704
  15.07242919  11.10844416   8.12784345   9.61404124   7.16548312
   6.73451711   8.90628335   3.81713659   7.36269825  10.65872936
   8.20234379   7.07169138   9.30005153   3.06501466  20.21080641
   0.           0.           0.           0.           1.16160673
   0.           0.           0.63292298   0.           0.
   0.           0.           0.           0.           0.
   0.           0.           0.           0.           0.        ]",0
2022-07-30 10-46-24,"[0.00000000e+00 0.00000000e+00 0.00000000e+00 0.00000000e+00
 0.00000000e+00 0.00000000e+00 0.00000000e+00 0.00000000e+00
 0.00000000e+00 0.00000000e+00 0.00000000e+00 0.00000000e+00
 0.00000000e+00 0.00000000e+00 0.00000000e+00 0.00000000e+00
 0.00000000e+00 5.32217902e+02 0.00000000e+00 0.00000000e+00
 0.00000000e+00 6.09518017e+01 2.64366611e+01 3.71051555e+01
 1.76101512e+01 3.47134653e+01 3.62875842e+01 2.33814737e+01
 2.07104749e+01 1.53283761e+01 0.00000000e+00 0.00000000e+00
 0.00000000e+00 2.38537941e-01 0.00000000e+00 0.00000000e+00
 4.73316316e+00 6.11285482e+00 7.20326631e+00 1.02576715e+01
 0.00000000e+00 2.01472280e+01 2.63717909e+01 1.87767151e+01
 1.46104132e+01 3.76888358e+00 8.15933847e+00 6.58207843e+00
 1.31848779e+01 6.88599348e+00 1.29978373e+02 2.06424076e+01
 1.72970818e+01 3.36260620e+01 2.94364883e+01 1.23793582e+01
 2.20006056e+01 1.72964172e+01 2.17615875e+01 1.74272857e+01
 3.48859179e+01 3.71154379e+01 2.45455323e+01 3.44068253e+01
 3.55010037e+01 2.70166184e+01 2.26283122e+01 1.89529801e+01
 1.92280825e+01 1.75192775e+01 2.47171107e+00 1.38010589e+01
 7.63427319e+00 1.01237101e+01 1.23353834e+01 2.31015379e+01
 1.06849643e+01 9.90846612e+00 3.83126832e+00 1.10240762e+01
 0.00000000e+00 4.88196348e+00 5.51811198e+00 0.00000000e+00
 3.10603539e+00 9.41604993e+00 2.24064903e+00 2.66355088e+00
 0.00000000e+00 0.00000000e+00 0.00000000e+00 0.00000000e+00
 0.00000000e+00 0.00000000e+00 0.00000000e+00 0.00000000e+00
 0.00000000e+00 0.00000000e+00 0.00000000e+00 0.00000000e+00]",0
2022-07-30 10-46-28,"[  0.           0.           0.           0.           0.
   0.           0.           0.           0.           0.
   0.           0.           0.           0.           0.
   0.           0.         532.21790219   0.           0.
   0.          60.95180165  26.43666109  37.10515546  17.61015118
  30.0739568   35.00144201  20.54560192  16.99321018   9.38472006
   0.           0.           0.           2.95190702   0.
   4.99194281   7.24317393   8.21040304   9.10203525  10.65769206
   0.          21.72740269  26.37179087  20.62274046  15.52085443
  22.03347325  12.36783936  10.20049851  11.00684495   8.67955457
 111.36534474  19.56608091  26.61089511  34.53487445  38.78417004
  56.69935037  29.51300751  23.57696064  25.21493769  20.01595411
  31.97875807  33.574064    32.90428114  34.01961022  41.37413868
  32.59057331  24.93228577  21.47045371  20.49308791  17.97944618
   2.47171107   6.33008569   0.           5.82880278  10.65872936
   7.83894881   6.34903679   6.56218589   3.83126832  10.10540321
   0.           7.34810998   0.           1.46502669   8.58578889
   1.7070032    6.06614737   7.64781935   4.29317898   1.61278152
   0.           0.           0.           0.           0.
   0.           0.           0.           0.           0.        ]",0
2022-07-30 10-46-33,"[0.00000000e+00 0.00000000e+00 0.00000000e+00 0.00000000e+00
 0.00000000e+00 0.00000000e+00 0.00000000e+00 0.00000000e+00
 0.00000000e+00 0.00000000e+00 0.00000000e+00 0.00000000e+00
 0.00000000e+00 0.00000000e+00 0.00000000e+00 0.00000000e+00
 0.00000000e+00 5.32217902e+02 0.00000000e+00 0.00000000e+00
 0.00000000e+00 6.09518017e+01 2.64366611e+01 3.71051555e+01
 3.90891992e+01 3.00739568e+01 4.65767220e+01 2.05456019e+01
 1.69932102e+01 9.38472006e+00 0.00000000e+00 0.00000000e+00
 0.00000000e+00 2.95190702e+00 2.74443914e-01 0.00000000e+00
 2.72515455e+00 6.11285482e+00 6.99229198e+00 8.65758900e+00
 0.00000000e+00 2.01472280e+01 2.63717909e+01 1.47154593e+01
 1.46104132e+01 3.76888358e+00 5.75448081e+00 4.65225439e+00
 4.74500030e+00 4.41984698e+00 8.94676646e+01 1.52607743e+01
 1.72970818e+01 2.22659059e+01 2.49658580e+01 1.17178657e+01
 1.26101032e+01 1.03180356e+01 1.02504203e+01 9.33769684e+00
 3.30689430e+01 2.29499424e+01 1.89730331e+01 2.24031580e+01
 2.41218046e+01 2.46277805e+01 1.85963584e+01 1.24075486e+01
 1.03730445e+01 1.10769166e+01 2.47171107e+00 6.33008569e+00
 0.00000000e+00 5.82880278e+00 1.06587294e+01 8.92913375e+00
 1.79115103e+01 6.56218589e+00 0.00000000e+00 1.56174413e+01
 0.00000000e+00 1.88735702e+00 0.00000000e+00 0.00000000e+00
 3.45956788e+00 8.64514526e+00 1.29520444e+01 3.40196102e+00
 0.00000000e+00 1.61278152e+00 0.00000000e+00 0.00000000e+00
 0.00000000e+00 0.00000000e+00 0.00000000e+00 0.00000000e+00
 0.00000000e+00 0.00000000e+00 0.00000000e+00 0.00000000e+00]",0
2022-07-30 10-46-38,"[0.00000000e+00 0.00000000e+00 0.00000000e+00 0.00000000e+00
 0.00000000e+00 0.00000000e+00 0.00000000e+00 0.00000000e+00
 0.00000000e+00 0.00000000e+00 0.00000000e+00 0.00000000e+00
 0.00000000e+00 0.00000000e+00 0.00000000e+00 0.00000000e+00
 0.00000000e+00 5.32217902e+02 0.00000000e+00 0.00000000e+00
 0.00000000e+00 6.09518017e+01 2.85475732e+01 3.71051555e+01
 3.34859693e+01 3.00739568e+01 3.50014420e+01 2.09507265e+01
 1.98844161e+01 1.78309681e+01 0.00000000e+00 0.00000000e+00
 0.00000000e+00 2.38537941e-01 0.00000000e+00 0.00000000e+00
 2.72515455e+00 4.22506142e+00 5.09352304e+00 8.65758900e+00
 0.00000000e+00 2.01472280e+01 2.63717909e+01 1.47154593e+01
 1.46104132e+01 1.08717796e+01 7.25751685e+00 4.89348240e+00
 5.56176264e+00 5.76501780e+00 9.71318526e+01 1.31081210e+01
 1.72970818e+01 1.86306560e+01 2.49658580e+01 3.15626384e+01
 1.44882037e+01 1.03180356e+01 1.14015370e+01 1.48386172e+01
 2.50742535e+01 2.26279993e+01 1.52580336e+01 2.08542977e+01
 2.55900883e+01 2.46277805e+01 1.68683782e+01 1.31627907e+01
 1.18910510e+01 1.36078441e+01 2.47171107e+00 6.33008569e+00
 0.00000000e+00 5.82880278e+00 1.06587294e+01 7.83894881e+00
 7.07169138e+00 7.47480777e+00 1.14938050e+00 1.33207588e+01
 0.00000000e+00 0.00000000e+00 0.00000000e+00 0.00000000e+00
 1.16160673e+00 0.00000000e+00 0.00000000e+00 0.00000000e+00
 0.00000000e+00 0.00000000e+00 0.00000000e+00 0.00000000e+00
 0.00000000e+00 0.00000000e+00 0.00000000e+00 0.00000000e+00
 0.00000000e+00 0.00000000e+00 0.00000000e+00 0.00000000e+00]",0
2022-07-30 10-46-43,"[  0.           0.           0.           0.           0.
   0.           0.           0.           0.           0.
   0.           0.           0.           0.           0.
   0.           0.         532.21790219  17.16063097   3.38145778
   5.32388266  60.95180165  40.50940845  37.10515546  17.61015118
  30.0739568   35.00144201  20.54560192  18.64532784  16.26684811
   0.           0.           0.           0.           0.
   0.           3.98015993   5.48359035   6.359369    10.65769206
   0.          20.14722795  26.37179087  14.71545931  15.52085443
   8.50414757   8.45994567   6.09962242   6.10627087   8.00696916
  93.84720062  13.64628433  17.29708182  19.53946844  26.18512079
  25.60920659  17.30535441  12.4115501   12.93635934  15.1622008
  22.53048864  23.91577162  12.00740904  17.75657704  25.22301737
  15.86870847  14.56440456  11.65230653  10.87904667  12.45742249
   2.47171107   6.33008569   0.           5.82880278  10.65872936
   7.83894881   6.34903679   6.56218589   0.          10.10540321
   0.           0.83043709   0.           0.           2.04543794
   2.09245554   1.47554936   1.92514073   0.           1.22348943
   0.           0.           0.           0.           0.
   0.           0.           0.           0.           0.        ]",0
2022-07-30 10-46-48,"[0.00000000e+00 0.00000000e+00 0.00000000e+00 0.00000000e+00
 0.00000000e+00 0.00000000e+00 0.00000000e+00 0.00000000e+00
 0.00000000e+00 0.00000000e+00 0.00000000e+00 0.00000000e+00
 0.00000000e+00 0.00000000e+00 0.00000000e+00 0.00000000e+00
 0.00000000e+00 5.32217902e+02 0.00000000e+00 5.55164710e-01
 4.13133295e+00 6.29362789e+01 3.69912216e+01 3.71051555e+01
 2.60149961e+01 3.00739568e+01 3.50014420e+01 2.05456019e+01
 1.69932102e+01 9.38472006e+00 0.00000000e+00 0.00000000e+00
 0.00000000e+00 0.00000000e+00 0.00000000e+00 0.00000000e+00
 2.47415347e+00 5.69334517e+00 6.14839467e+00 9.65764053e+00
 0.00000000e+00 2.01472280e+01 2.63717909e+01 1.47154593e+01
 1.88591388e+01 9.18061386e+00 8.76055288e+00 8.02944647e+00
 8.55655791e+00 7.78277402e+00 9.71318526e+01 1.39153660e+01
 1.72970818e+01 2.22659059e+01 2.49658580e+01 3.48701005e+01
 2.01225051e+01 1.55518218e+01 1.67734151e+01 1.54857844e+01
 2.87082033e+01 1.74769100e+01 1.38649088e+01 2.00798675e+01
 2.66913011e+01 2.06463841e+01 1.80203650e+01 1.29110434e+01
 1.18910510e+01 1.19972538e+01 2.47171107e+00 6.33008569e+00
 0.00000000e+00 5.82880278e+00 1.06587294e+01 7.83894881e+00
 6.34903679e+00 6.56218589e+00 0.00000000e+00 1.01054032e+01
 0.00000000e+00 2.06351034e+00 0.00000000e+00 1.26781156e+00
 5.40399654e+00 5.56152657e+00 5.10977278e+00 4.69417878e+00
 3.55271368e-15 1.61278152e+00 0.00000000e+00 0.00000000e+00
 0.00000000e+00 0.00000000e+00 0.00000000e+00 0.00000000e+00
 0.00000000e+00 0.00000000e+00 0.00000000e+00 0.00000000e+00]",0
2022-07-30 10-46-53,"[  0.           0.           0.           0.           0.
   0.           0.           0.           0.           0.
   0.           0.           0.           0.           0.
   0.           0.         532.21790219   0.           0.55516471
   1.44809608  76.82761976  74.98763945  63.07876429  50.29565904
  67.1900247   52.36436207  33.91471191  28.55803378  23.77462416
   0.           0.           0.           4.6216726    1.76863856
   2.03517668   7.24317393   7.7908934    8.89106092  11.25772298
   0.          20.93731532  26.37179087  18.40751003  19.46609955
  12.22471213  14.77269702  10.44172652  14.00164022  11.81828648
 102.60627268  12.56995768  17.29708182  19.99387468  32.28143494
  13.70234301  18.24440465  12.76046918  14.8548872   14.19145014
  22.53048864  12.00387768  10.61428424  11.94835091  22.6535208
   9.10033461  11.10844416   8.63133817   8.85503799   9.46632632
   2.47171107   6.33008569   0.           5.82880278  10.65872936
   7.83894881   6.34903679   6.56218589   0.          10.10540321
   0.           0.           0.           0.           1.16160673
   0.           0.           0.           0.           0.
   0.           0.           0.           0.           0.
   0.           0.           0.           0.           0.        ]",0
2022-07-30 10-46-58,"[0.00000000e+00 0.00000000e+00 0.00000000e+00 0.00000000e+00
 0.00000000e+00 0.00000000e+00 0.00000000e+00 0.00000000e+00
 0.00000000e+00 0.00000000e+00 0.00000000e+00 0.00000000e+00
 0.00000000e+00 0.00000000e+00 0.00000000e+00 0.00000000e+00
 0.00000000e+00 5.32217902e+02 0.00000000e+00 0.00000000e+00
 9.79594410e+00 7.28586652e+01 4.68421448e+01 4.63499993e+01
 2.04117661e+01 5.96508234e+01 5.42935754e+01 3.31044628e+01
 2.81450044e+01 2.22105041e+01 0.00000000e+00 0.00000000e+00
 1.57967324e+01 4.41295190e+00 1.98209494e+00 2.57277052e+00
 7.99617716e+00 8.83966751e+00 1.05788555e+01 1.16577436e+01
 0.00000000e+00 2.52827959e+01 6.55075285e+01 2.24687658e+01
 2.21974231e+01 1.32394116e+01 1.50733042e+01 1.21303226e+01
 1.75409437e+01 1.13698962e+01 8.94676646e+01 1.47226110e+01
 2.11072782e+01 2.31747184e+01 3.39071187e+01 1.37023430e+01
 2.24701307e+01 2.00877698e+01 2.63660544e+01 1.90452034e+01
 2.25304886e+01 1.84427393e+01 1.06142842e+01 1.77565770e+01
 2.85266558e+01 1.34798706e+01 1.62923848e+01 1.41697802e+01
 1.61920695e+01 1.29175911e+01 2.47171107e+00 6.33008569e+00
 0.00000000e+00 5.82880278e+00 1.42914798e+01 1.11095036e+01
 1.21302735e+01 1.23421245e+01 1.41756928e+01 1.01054032e+01
 0.00000000e+00 1.25823801e-01 0.00000000e+00 0.00000000e+00
 5.05046406e+00 2.28518171e+00 3.19702361e+00 4.87878131e+00
 2.68323686e+00 2.00207361e+00 0.00000000e+00 0.00000000e+00
 0.00000000e+00 0.00000000e+00 0.00000000e+00 0.00000000e+00
 0.00000000e+00 0.00000000e+00 0.00000000e+00 0.00000000e+00]",0
2022-07-30 10-47-03,"[  0.           0.           0.           0.           0.
   0.           0.           0.           0.           0.
   0.           0.           0.           0.           0.
   0.           0.           0.          34.67877509   9.03404392
   4.13133295  60.95180165  26.43666109  38.42584744  17.61015118
  48.63199075  35.00144201  20.54560192  16.99321018  12.20013608
   0.           0.           0.           3.57806911   0.48790029
   0.42239516   1.72115024   5.69334517   7.41424063   9.25761992
   0.          21.33235901  26.37179087  17.66909988  14.61041325
   6.13651558   6.65630243   6.58207843  12.64036964   6.88599348
 111.36534474  15.79893763  21.53063332  26.35556208  38.37774909
  18.33278995  29.51300751  20.78560801  28.28458228  28.10554295
  22.53048864  11.6819346   10.61428424  11.94835091  21.18523704
   9.10033461  12.26043096   6.61735927   8.6020369    6.70531448
   2.97321766   6.84532522   8.67531044   5.82880278  14.29147982
   7.83894881   7.79434597   6.56218589   4.21439515  10.10540321
   0.           0.           0.           0.           1.16160673
   0.           0.           0.           0.           0.
   0.           0.           0.           0.           0.
   0.           0.           0.           0.           0.        ]",0
2022-07-30 10-47-09,"[0.00000000e+00 0.00000000e+00 0.00000000e+00 0.00000000e+00
 0.00000000e+00 0.00000000e+00 0.00000000e+00 0.00000000e+00
 0.00000000e+00 0.00000000e+00 0.00000000e+00 0.00000000e+00
 0.00000000e+00 0.00000000e+00 0.00000000e+00 0.00000000e+00
 0.00000000e+00 4.47546872e+02 1.59093350e+01 0.00000000e+00
 7.41084467e+00 1.22470597e+02 2.64366611e+01 5.29534592e+01
 5.12295307e+01 3.00739568e+01 3.50014420e+01 2.05456019e+01
 1.69932102e+01 1.06360161e+01 0.00000000e+00 0.00000000e+00
 0.00000000e+00 3.36934841e+00 0.00000000e+00 0.00000000e+00
 4.48216208e+00 4.01530660e+00 4.88254871e+00 7.85754777e+00
 0.00000000e+00 2.88381890e+01 7.14148097e+01 2.35763810e+01
 2.09835015e+01 1.72982093e+01 1.65763403e+01 8.02944647e+00
 1.20958614e+01 6.21340807e+00 1.01511389e+02 1.76825093e+01
 4.26983908e+01 2.59011558e+01 2.90300674e+01 3.68545777e+01
 2.34091810e+01 1.24115501e+01 1.40874761e+01 1.09556146e+01
 2.25304886e+01 1.61891377e+01 2.77961568e+01 1.54332866e+01
 2.11852370e+01 1.22854517e+01 1.08204475e+01 9.13483290e+00
 9.36104016e+00 7.16548312e+00 5.22999733e+00 1.17401008e+01
 1.04103725e+00 1.34982801e+01 1.56886915e+01 1.21996885e+01
 1.21302735e+01 1.62968193e+01 1.87732148e+01 3.30722287e+01
 0.00000000e+00 0.00000000e+00 0.00000000e+00 0.00000000e+00
 1.16160673e+00 0.00000000e+00 0.00000000e+00 7.91153726e-02
 0.00000000e+00 0.00000000e+00 0.00000000e+00 0.00000000e+00
 0.00000000e+00 0.00000000e+00 0.00000000e+00 0.00000000e+00
 0.00000000e+00 0.00000000e+00 0.00000000e+00 0.00000000e+00]",0
2022-07-30 10-47-14,"[0.00000000e+00 0.00000000e+00 0.00000000e+00 0.00000000e+00
 0.00000000e+00 0.00000000e+00 0.00000000e+00 0.00000000e+00
 0.00000000e+00 0.00000000e+00 0.00000000e+00 0.00000000e+00
 0.00000000e+00 0.00000000e+00 0.00000000e+00 0.00000000e+00
 0.00000000e+00 5.32217902e+02 0.00000000e+00 0.00000000e+00
 5.02574524e+00 6.09518017e+01 3.48803095e+01 4.01867701e+01
 7.73779370e+01 6.25505162e+01 5.49366465e+01 3.06737155e+01
 2.81450044e+01 1.97079121e+01 0.00000000e+00 0.00000000e+00
 0.00000000e+00 2.74318632e+00 2.74443914e-01 0.00000000e+00
 5.73716747e+00 6.53236446e+00 7.41424063e+00 9.45763022e+00
 0.00000000e+00 2.01472280e+01 2.93254314e+01 1.47154593e+01
 1.46104132e+01 3.76888358e+00 6.65630243e+00 5.37593841e+00
 5.83401676e+00 5.09243239e+00 8.94676646e+01 1.25699577e+01
 1.72970818e+01 1.72674372e+01 2.49658580e+01 1.17178657e+01
 1.26101032e+01 8.92235931e+00 9.86671475e+00 9.33769684e+00
 2.25304886e+01 1.16819346e+01 1.06142842e+01 1.19483509e+01
 2.11852370e+01 9.10033461e+00 9.66846065e+00 6.61735927e+00
 6.32502713e+00 6.24514584e+00 2.47171107e+00 7.10294499e+00
 0.00000000e+00 5.82880278e+00 1.06587294e+01 7.83894881e+00
 8.15567327e+00 8.69163694e+00 6.51315615e+00 1.69954508e+01
 0.00000000e+00 0.00000000e+00 0.00000000e+00 0.00000000e+00
 1.16160673e+00 0.00000000e+00 0.00000000e+00 0.00000000e+00
 0.00000000e+00 0.00000000e+00 0.00000000e+00 0.00000000e+00
 0.00000000e+00 0.00000000e+00 0.00000000e+00 0.00000000e+00
 0.00000000e+00 0.00000000e+00 0.00000000e+00 0.00000000e+00]",0
2022-07-30 10-47-19,"[  0.           0.           0.           0.           0.
   0.           0.           0.           0.           0.
   0.           0.           0.           0.           0.
   0.           0.         532.21790219   0.           0.
   0.          60.95180165  26.43666109  37.10515546  26.01499605
  50.37180643  41.43215314  23.78659828  19.47138667  17.83096812
   0.           0.           0.           0.           0.
   0.           1.47014916   3.17628731   4.0386514    7.85754777
   0.          25.28279586  30.06384159  20.25353539  23.10786428
   7.48944815   9.96298171   6.82330644  12.36811553   7.11018862
 111.36534474  16.33710096  17.29708182  19.08506219  24.96585796
  11.71786574  13.07962833   9.27127839  15.62229835  11.27919816
  22.53048864  23.59382854  10.61428424  11.94835091  21.18523704
   9.10033461   9.66846065   6.61735927   8.34903582   6.70531448
   2.47171107  18.43821471   2.08207451   6.74914006  10.65872936
   7.83894881   7.43301868   6.56218589   6.51315615  10.10540321
   0.           0.           0.           0.           1.16160673
   0.           0.           0.           0.           0.
   0.           0.           0.           0.           0.
   0.           0.           0.           0.           0.        ]",0
2022-07-30 10-47-24,"[0.00000000e+00 0.00000000e+00 0.00000000e+00 0.00000000e+00
 0.00000000e+00 0.00000000e+00 0.00000000e+00 0.00000000e+00
 0.00000000e+00 0.00000000e+00 0.00000000e+00 0.00000000e+00
 0.00000000e+00 0.00000000e+00 0.00000000e+00 0.00000000e+00
 0.00000000e+00 4.59642734e+02 0.00000000e+00 0.00000000e+00
 1.74623351e+00 6.09518017e+01 3.41766721e+01 3.71051555e+01
 1.76101512e+01 4.86319908e+01 3.75737265e+01 2.05456019e+01
 2.97971220e+01 1.93950881e+01 0.00000000e+00 0.00000000e+00
 0.00000000e+00 0.00000000e+00 0.00000000e+00 0.00000000e+00
 1.97215132e+00 3.59579695e+00 5.51547169e+00 7.85754777e+00
 0.00000000e+00 2.68629706e+01 3.15406619e+01 1.87767151e+01
 2.34113447e+01 1.08717796e+01 1.20672322e+01 8.02944647e+00
 1.83577061e+01 8.67955457e+00 8.94676646e+01 1.31081210e+01
 1.72970818e+01 1.72674372e+01 3.02493302e+01 1.17178657e+01
 1.40186786e+01 8.57344023e+00 1.63897095e+01 1.19263653e+01
 2.50742535e+01 1.29697069e+01 1.06142842e+01 1.34972112e+01
 2.63242302e+01 9.10033461e+00 1.11084442e+01 8.37959081e+00
 1.34090575e+01 9.46632632e+00 7.48677701e+00 7.87580429e+00
 0.00000000e+00 6.74914006e+00 1.26148258e+01 7.83894881e+00
 7.07169138e+00 6.56218589e+00 0.00000000e+00 1.01054032e+01
 0.00000000e+00 0.00000000e+00 0.00000000e+00 0.00000000e+00
 1.69190546e+00 0.00000000e+00 5.19174775e-01 4.48320445e-01
 0.00000000e+00 1.80742757e+00 0.00000000e+00 0.00000000e+00
 0.00000000e+00 0.00000000e+00 0.00000000e+00 0.00000000e+00
 0.00000000e+00 0.00000000e+00 0.00000000e+00 0.00000000e+00]",0
