2022-07-29 19-44-21,"[403. 470. 499. 514. 478. 496. 450. 435. 432. 370. 289. 314. 288. 315.
 305. 292. 270. 277. 288. 271. 244. 243. 230. 230. 244. 234. 223. 253.
 234. 230. 241. 217. 216. 229. 241. 207. 198. 207. 210. 222. 258. 224.
 195. 199. 211. 200. 194. 199. 206. 233. 250. 247. 237. 213. 230. 219.
 218. 220. 217. 213. 275. 236. 246. 218. 216. 219. 242. 239. 234. 239.
 238. 228. 209. 204. 202. 204. 215. 219. 228. 259. 248. 243. 248. 247.
 240. 250. 271. 269. 293. 343. 341. 403. 442. 440. 450. 504. 547. 510.
 487. 438.]"
2022-07-29 19-45-11,"[402. 468. 498. 511. 479. 496. 452. 437. 432. 370. 290. 315. 290. 316.
 309. 293. 272. 279. 290. 273. 245. 246. 234. 233. 247. 237. 225. 254.
 237. 232. 243. 219. 220. 232. 240. 208. 199. 208. 211. 222. 258. 224.
 199. 204. 213. 200. 194. 202. 208. 236. 250. 247. 238. 215. 231. 220.
 220. 222. 218. 214. 276. 239. 246. 218. 217. 221. 246. 241. 237. 242.
 240. 231. 210. 206. 203. 206. 217. 220. 229. 259. 250. 244. 248. 247.
 241. 251. 271. 268. 293. 340. 347. 407. 443. 440. 450. 504. 544. 509.
 488. 442.]"
2022-07-29 19-45-16,"[403. 468. 499. 512. 477. 494. 452. 437. 434. 371. 290. 315. 290. 315.
 308. 292. 272. 279. 290. 273. 245. 246. 234. 233. 246. 236. 225. 253.
 235. 230. 242. 219. 221. 233. 241. 208. 200. 208. 211. 222. 258. 224.
 199. 205. 213. 200. 194. 203. 208. 235. 250. 247. 238. 216. 231. 220.
 220. 223. 219. 214. 276. 239. 246. 219. 218. 221. 247. 241. 236. 242.
 240. 230. 209. 206. 203. 206. 216. 220. 229. 258. 251. 245. 248. 246.
 241. 251. 271. 270. 294. 341. 347. 408. 442. 439. 450. 505. 543. 509.
 488. 443.]"
2022-07-29 19-45-21,"[403. 468. 499. 512. 478. 494. 452. 437. 433. 370. 290. 314. 291. 316.
 308. 292. 272. 279. 290. 273. 245. 246. 233. 232. 245. 236. 224. 253.
 235. 231. 242. 219. 221. 232. 240. 208. 199. 207. 211. 222. 258. 224.
 199. 204. 214. 200. 194. 201. 207. 235. 250. 247. 238. 216. 231. 221.
 221. 223. 218. 214. 277. 238. 246. 219. 218. 221. 246. 241. 236. 242.
 240. 231. 209. 206. 203. 207. 217. 222. 230. 259. 251. 244. 248. 247.
 241. 251. 270. 269. 292. 340. 348. 408. 444. 440. 451. 505. 544. 510.
 488. 443.]"
2022-07-29 19-45-26,"[402. 468. 499. 511. 477. 495. 453. 437. 433. 370. 291. 315. 290. 315.
 309. 292. 272. 280. 291. 273. 245. 246. 233. 232. 245. 236. 225. 253.
 235. 230. 243. 219. 221. 232. 239. 208. 199. 208. 212. 223. 258. 224.
 199. 204. 213. 200. 194. 202. 208. 235. 250. 247. 237. 216. 231. 221.
 220. 222. 218. 214. 276. 238. 246. 219. 218. 220. 245. 240. 236. 242.
 240. 232. 210. 206. 204. 207. 218. 221. 230. 260. 251. 244. 249. 247.
 241. 251. 270. 269. 293. 340. 348. 409. 443. 440. 451. 506. 544. 511.
 489. 444.]"
2022-07-29 19-45-31,"[402. 468. 498. 511. 477. 495. 454. 437. 432. 370. 290. 314. 290. 315.
 309. 292. 272. 279. 290. 273. 245. 244. 234. 233. 246. 235. 225. 253.
 235. 230. 243. 219. 221. 233. 239. 207. 198. 205. 210. 221. 258. 224.
 198. 205. 213. 200. 194. 203. 209. 236. 250. 247. 238. 216. 231. 221.
 220. 222. 219. 214. 276. 239. 246. 219. 217. 221. 247. 241. 237. 242.
 240. 231. 210. 206. 203. 207. 217. 221. 230. 259. 251. 244. 248. 248.
 242. 251. 271. 269. 292. 340. 349. 409. 444. 441. 451. 506. 544. 510.
 489. 444.]"
2022-07-29 19-45-36,"[403. 468. 498. 511. 478. 495. 454. 438. 433. 371. 290. 314. 290. 314.
 308. 292. 271. 278. 289. 273. 245. 244. 233. 233. 245. 235. 224. 253.
 235. 231. 242. 217. 219. 233. 240. 208. 199. 206. 209. 221. 258. 224.
 199. 205. 214. 201. 195. 203. 209. 236. 250. 247. 238. 217. 232. 221.
 220. 222. 219. 214. 276. 239. 246. 219. 219. 220. 246. 240. 237. 242.
 240. 231. 210. 206. 204. 207. 217. 221. 230. 259. 251. 244. 248. 247.
 241. 251. 270. 269. 293. 340. 349. 409. 445. 440. 452. 506. 543. 510.
 489. 444.]"
2022-07-29 19-45-41,"[403. 468. 499. 511. 479. 494. 454. 438. 433. 371. 290. 314. 290. 314.
 307. 291. 272. 278. 288. 273. 245. 245. 234. 233. 246. 236. 225. 253.
 234. 230. 242. 218. 221. 232. 239. 207. 198. 205. 209. 221. 258. 224.
 199. 204. 213. 200. 194. 203. 209. 235. 250. 247. 238. 216. 231. 221.
 219. 222. 218. 214. 276. 239. 246. 219. 218. 221. 246. 241. 237. 243.
 240. 231. 211. 206. 203. 206. 217. 220. 229. 259. 251. 244. 248. 246.
 240. 250. 270. 268. 292. 339. 349. 409. 443. 440. 451. 504. 542. 509.
 488. 444.]"
2022-07-29 19-45-46,"[403. 467. 499. 511. 477. 495. 453. 438. 432. 371. 291. 314. 290. 314.
 308. 291. 272. 278. 288. 273. 244. 244. 233. 233. 247. 237. 225. 253.
 235. 230. 242. 219. 221. 232. 239. 206. 199. 205. 210. 221. 258. 224.
 199. 205. 214. 201. 195. 203. 209. 236. 250. 247. 239. 216. 232. 222.
 220. 223. 219. 214. 276. 239. 246. 220. 218. 221. 247. 241. 237. 243.
 239. 231. 211. 207. 204. 207. 218. 221. 230. 259. 251. 244. 249. 248.
 241. 251. 270. 269. 293. 340. 350. 409. 444. 441. 451. 506. 543. 510.
 488. 443.]"
2022-07-29 19-45-51,"[403. 467. 499. 511. 478. 495. 453. 438. 432. 371. 290. 314. 290. 315.
 309. 292. 272. 279. 289. 273. 245. 245. 232. 232. 245. 236. 225. 254.
 236. 231. 242. 218. 219. 232. 239. 208. 199. 206. 211. 220. 258. 224.
 198. 204. 214. 201. 195. 203. 208. 235. 250. 247. 239. 216. 232. 221.
 220. 222. 219. 214. 277. 240. 246. 220. 219. 222. 247. 242. 238. 243.
 239. 231. 210. 207. 204. 207. 217. 222. 231. 260. 251. 245. 249. 247.
 241. 251. 272. 270. 293. 341. 350. 410. 445. 441. 452. 505. 543. 509.
 489. 445.]"
2022-07-29 19-45-57,"[402. 467. 498. 511. 478. 495. 453. 438. 432. 372. 290. 314. 290. 315.
 309. 293. 272. 279. 291. 275. 246. 247. 233. 233. 246. 237. 226. 255.
 237. 231. 242. 218. 219. 232. 239. 207. 199. 206. 210. 221. 258. 224.
 198. 205. 214. 200. 195. 203. 209. 235. 250. 247. 238. 217. 232. 220.
 220. 223. 219. 214. 277. 239. 246. 220. 219. 221. 247. 241. 238. 244.
 239. 231. 210. 206. 204. 206. 217. 221. 230. 259. 251. 244. 248. 247.
 242. 251. 271. 269. 293. 340. 350. 411. 444. 442. 452. 505. 543. 510.
 489. 445.]"
2022-07-29 19-46-02,"[402. 468. 499. 511. 479. 494. 453. 437. 432. 371. 291. 315. 291. 316.
 309. 292. 272. 279. 290. 274. 246. 247. 234. 233. 246. 237. 226. 254.
 236. 231. 242. 217. 221. 232. 240. 208. 199. 205. 210. 221. 258. 224.
 198. 205. 215. 201. 195. 203. 208. 235. 250. 247. 239. 217. 232. 221.
 220. 223. 219. 215. 277. 240. 246. 221. 219. 222. 247. 242. 238. 244.
 239. 231. 210. 206. 203. 206. 216. 220. 229. 258. 251. 244. 249. 247.
 241. 251. 270. 270. 292. 339. 350. 412. 445. 441. 452. 506. 543. 509.
 489. 445.]"
2022-07-29 19-46-07,"[403. 467. 497. 510. 476. 494. 452. 437. 432. 371. 291. 315. 291. 317.
 309. 293. 272. 279. 289. 274. 245. 245. 232. 233. 245. 237. 226. 255.
 236. 230. 243. 218. 218. 232. 239. 207. 198. 206. 210. 221. 258. 224.
 198. 204. 213. 200. 194. 203. 209. 234. 250. 247. 239. 216. 232. 222.
 220. 223. 219. 214. 277. 239. 246. 220. 218. 222. 247. 242. 238. 243.
 238. 231. 210. 206. 204. 207. 216. 221. 230. 259. 252. 244. 249. 247.
 241. 251. 270. 269. 292. 339. 350. 411. 446. 441. 452. 505. 544. 511.
 490. 444.]"
2022-07-29 19-46-12,"[402. 466. 497. 510. 477. 495. 452. 438. 433. 371. 291. 315. 290. 316.
 310. 292. 272. 280. 290. 274. 245. 244. 231. 233. 245. 236. 225. 254.
 236. 230. 243. 218. 220. 232. 240. 207. 198. 206. 211. 222. 258. 224.
 199. 204. 213. 200. 194. 202. 209. 236. 250. 247. 239. 216. 232. 221.
 220. 223. 219. 215. 277. 239. 246. 220. 220. 222. 247. 243. 238. 245.
 239. 231. 211. 207. 203. 206. 217. 221. 229. 258. 251. 244. 248. 246.
 241. 250. 270. 269. 291. 339. 350. 411. 445. 440. 451. 505. 544. 510.
 489. 444.]"
2022-07-29 19-46-17,"[403. 467. 497. 510. 477. 494. 453. 438. 433. 371. 291. 315. 291. 316.
 310. 293. 272. 278. 290. 274. 245. 246. 234. 233. 246. 237. 226. 254.
 236. 230. 242. 219. 221. 232. 239. 208. 199. 206. 210. 221. 258. 224.
 199. 206. 215. 200. 195. 202. 209. 235. 250. 247. 238. 216. 232. 221.
 220. 222. 219. 214. 277. 240. 246. 221. 219. 222. 247. 241. 238. 243.
 239. 232. 210. 206. 203. 206. 217. 221. 229. 258. 252. 245. 249. 247.
 241. 251. 271. 268. 291. 340. 350. 411. 445. 441. 450. 505. 543. 508.
 488. 444.]"
2022-07-29 19-46-22,"[402. 467. 498. 510. 477. 495. 452. 438. 433. 371. 291. 314. 290. 315.
 309. 292. 271. 279. 289. 273. 246. 245. 233. 236. 247. 237. 226. 254.
 236. 230. 243. 218. 219. 232. 239. 207. 198. 206. 210. 220. 258. 224.
 198. 205. 214. 200. 194. 202. 208. 235. 250. 247. 239. 216. 232. 222.
 222. 223. 219. 215. 278. 241. 246. 221. 220. 223. 249. 243. 238. 244.
 240. 231. 211. 207. 204. 207. 218. 221. 229. 259. 251. 245. 249. 247.
 242. 252. 271. 269. 291. 339. 351. 411. 446. 441. 451. 506. 542. 509.
 488. 444.]"
2022-07-29 19-46-27,"[402. 466. 498. 510. 478. 495. 453. 438. 432. 371. 291. 315. 290. 317.
 310. 292. 272. 280. 289. 273. 246. 246. 233. 235. 248. 237. 226. 255.
 236. 231. 242. 218. 221. 233. 240. 207. 199. 207. 210. 221. 258. 224.
 199. 204. 214. 201. 195. 203. 209. 236. 250. 247. 238. 215. 230. 221.
 221. 222. 219. 214. 278. 240. 246. 220. 219. 222. 248. 242. 238. 244.
 239. 232. 210. 206. 204. 207. 218. 222. 231. 259. 252. 245. 248. 247.
 241. 252. 271. 269. 292. 340. 351. 413. 445. 442. 452. 506. 542. 509.
 489. 445.]"
2022-07-29 19-46-32,"[402. 466. 497. 509. 477. 495. 452. 438. 433. 371. 291. 315. 291. 316.
 309. 292. 272. 279. 289. 273. 245. 245. 233. 234. 247. 237. 226. 255.
 237. 230. 242. 218. 221. 232. 240. 208. 199. 207. 211. 222. 258. 224.
 199. 205. 213. 201. 194. 203. 208. 235. 250. 247. 238. 216. 231. 221.
 220. 222. 219. 214. 277. 240. 246. 220. 219. 222. 248. 242. 238. 244.
 240. 231. 210. 206. 203. 207. 217. 220. 229. 259. 251. 245. 248. 248.
 241. 251. 270. 269. 292. 340. 352. 412. 446. 441. 452. 505. 541. 510.
 488. 445.]"
2022-07-29 19-46-37,"[403. 466. 497. 509. 476. 494. 452. 438. 433. 372. 291. 314. 290. 315.
 308. 292. 272. 279. 289. 273. 245. 245. 235. 234. 248. 238. 226. 255.
 237. 231. 242. 217. 220. 233. 239. 207. 199. 207. 211. 222. 258. 224.
 199. 205. 213. 201. 194. 203. 208. 235. 250. 247. 238. 216. 231. 221.
 220. 222. 219. 215. 278. 240. 246. 221. 219. 222. 248. 241. 238. 244.
 239. 231. 211. 207. 204. 207. 218. 221. 230. 259. 252. 244. 248. 248.
 241. 251. 271. 269. 292. 339. 351. 411. 445. 442. 452. 505. 540. 510.
 488. 445.]"
2022-07-29 19-46-42,"[402. 466. 497. 510. 478. 495. 453. 438. 433. 371. 291. 315. 290. 316.
 309. 292. 272. 280. 291. 273. 246. 246. 234. 235. 247. 237. 225. 254.
 236. 230. 242. 219. 219. 233. 240. 208. 199. 207. 211. 222. 258. 224.
 198. 205. 213. 200. 194. 202. 208. 234. 250. 247. 238. 217. 231. 221.
 220. 222. 219. 214. 278. 240. 246. 221. 219. 222. 248. 242. 239. 244.
 240. 232. 211. 207. 203. 207. 218. 221. 230. 259. 252. 246. 249. 247.
 242. 251. 271. 269. 292. 340. 351. 411. 446. 442. 451. 504. 541. 508.
 488. 444.]"
2022-07-29 19-46-47,"[402. 467. 497. 508. 477. 493. 453. 438. 433. 371. 291. 315. 291. 315.
 308. 292. 273. 280. 291. 274. 246. 247. 236. 235. 248. 237. 226. 255.
 237. 231. 242. 218. 221. 233. 240. 208. 200. 207. 211. 222. 258. 224.
 199. 204. 213. 201. 195. 202. 208. 234. 250. 247. 237. 215. 230. 221.
 220. 222. 218. 214. 278. 241. 246. 221. 220. 223. 249. 242. 240. 245.
 240. 232. 211. 207. 204. 207. 217. 222. 231. 259. 252. 245. 248. 247.
 241. 251. 271. 269. 292. 339. 352. 413. 445. 442. 452. 505. 541. 510.
 488. 446.]"
2022-07-29 19-46-52,"[402. 466. 496. 509. 477. 494. 453. 438. 433. 372. 291. 315. 290. 316.
 308. 292. 273. 280. 289. 273. 246. 246. 235. 235. 247. 236. 226. 255.
 236. 230. 242. 219. 220. 234. 240. 208. 199. 207. 211. 222. 258. 224.
 199. 204. 213. 201. 194. 203. 208. 234. 250. 247. 238. 215. 231. 221.
 220. 222. 219. 214. 278. 240. 246. 220. 219. 222. 247. 242. 239. 244.
 240. 232. 211. 207. 204. 207. 219. 222. 230. 260. 252. 245. 249. 247.
 242. 251. 270. 270. 292. 339. 352. 413. 447. 442. 454. 505. 542. 510.
 489. 445.]"
2022-07-29 19-46-57,"[403. 467. 497. 509. 477. 494. 453. 439. 433. 371. 291. 315. 290. 315.
 308. 292. 273. 280. 290. 274. 246. 247. 236. 235. 247. 237. 226. 255.
 236. 230. 242. 218. 221. 232. 240. 208. 199. 207. 211. 222. 258. 224.
 198. 204. 213. 200. 194. 202. 208. 235. 250. 247. 237. 216. 231. 221.
 220. 222. 218. 215. 278. 240. 246. 220. 220. 222. 248. 242. 239. 244.
 240. 232. 212. 208. 205. 208. 218. 222. 230. 260. 253. 245. 248. 247.
 242. 251. 271. 269. 292. 339. 352. 413. 447. 442. 453. 505. 541. 509.
 488. 446.]"
2022-07-29 19-47-02,"[402. 467. 497. 510. 477. 495. 453. 438. 433. 371. 291. 316. 291. 316.
 308. 292. 272. 279. 289. 273. 245. 245. 233. 233. 246. 236. 225. 254.
 236. 229. 241. 218. 221. 233. 240. 208. 200. 207. 210. 222. 258. 224.
 199. 204. 213. 200. 194. 202. 208. 235. 250. 247. 238. 216. 231. 221.
 220. 222. 219. 214. 278. 240. 246. 221. 220. 223. 249. 243. 239. 244.
 239. 232. 212. 208. 205. 207. 218. 222. 230. 260. 252. 245. 249. 248.
 241. 251. 270. 268. 292. 339. 353. 413. 446. 442. 452. 506. 541. 509.
 488. 445.]"
2022-07-29 19-47-07,"[402. 466. 497. 510. 478. 495. 454. 439. 433. 371. 290. 315. 290. 316.
 309. 293. 272. 279. 289. 274. 245. 246. 234. 235. 248. 238. 226. 255.
 236. 230. 242. 217. 219. 234. 240. 207. 199. 207. 211. 222. 258. 224.
 198. 204. 213. 200. 194. 202. 209. 234. 250. 247. 238. 216. 231. 220.
 220. 222. 218. 213. 277. 240. 246. 220. 219. 222. 248. 242. 239. 244.
 240. 232. 211. 207. 205. 208. 218. 222. 231. 260. 253. 245. 248. 247.
 242. 252. 270. 269. 293. 340. 353. 413. 447. 443. 452. 506. 542. 510.
 489. 446.]"
2022-07-29 19-47-12,"[402. 467. 497. 510. 478. 494. 454. 438. 433. 371. 290. 315. 290. 315.
 309. 292. 273. 280. 289. 273. 245. 245. 234. 234. 247. 237. 226. 254.
 236. 231. 242. 217. 222. 234. 240. 208. 200. 208. 211. 222. 258. 224.
 199. 204. 213. 200. 195. 202. 209. 235. 250. 247. 238. 216. 231. 221.
 220. 222. 218. 214. 277. 240. 246. 221. 219. 222. 247. 243. 240. 245.
 241. 233. 212. 207. 204. 207. 219. 222. 231. 260. 252. 245. 249. 247.
 241. 251. 270. 269. 293. 340. 353. 414. 447. 441. 452. 505. 541. 509.
 489. 446.]"
2022-07-29 19-47-17,"[402. 467. 497. 508. 476. 494. 454. 438. 432. 371. 290. 315. 291. 315.
 308. 292. 272. 279. 289. 273. 245. 245. 234. 234. 247. 237. 225. 254.
 236. 230. 242. 218. 222. 233. 241. 208. 199. 207. 211. 222. 258. 224.
 199. 204. 213. 201. 194. 202. 208. 235. 250. 247. 237. 216. 231. 221.
 219. 222. 219. 214. 277. 241. 246. 221. 220. 223. 247. 242. 239. 244.
 240. 233. 211. 207. 205. 208. 218. 222. 232. 261. 252. 245. 249. 248.
 242. 252. 270. 268. 292. 339. 353. 414. 446. 442. 453. 505. 541. 508.
 487. 445.]"
2022-07-29 19-47-22,"[402. 467. 497. 509. 476. 495. 453. 438. 433. 371. 291. 316. 291. 315.
 308. 292. 272. 280. 289. 273. 246. 245. 235. 233. 246. 237. 226. 255.
 236. 229. 242. 218. 222. 234. 240. 208. 199. 207. 211. 222. 258. 224.
 199. 204. 213. 201. 195. 203. 208. 234. 250. 247. 238. 217. 232. 221.
 221. 223. 219. 214. 277. 240. 246. 220. 220. 222. 247. 242. 239. 244.
 242. 233. 212. 207. 205. 208. 219. 222. 231. 260. 253. 246. 248. 248.
 243. 252. 271. 270. 293. 339. 353. 413. 445. 442. 453. 506. 542. 509.
 489. 445.]"
2022-07-29 19-47-27,"[402. 467. 497. 509. 477. 494. 453. 439. 433. 371. 291. 316. 290. 315.
 309. 293. 273. 280. 290. 274. 246. 246. 235. 235. 248. 237. 226. 255.
 236. 230. 242. 218. 221. 233. 241. 208. 200. 207. 211. 222. 258. 224.
 199. 204. 214. 201. 195. 203. 208. 234. 250. 247. 238. 216. 232. 221.
 221. 223. 219. 215. 278. 240. 246. 221. 221. 223. 248. 243. 239. 245.
 240. 232. 211. 207. 205. 208. 218. 222. 231. 261. 253. 245. 249. 247.
 243. 252. 270. 269. 292. 338. 354. 414. 447. 442. 454. 505. 542. 509.
 488. 446.]"
2022-07-29 19-47-32,"[402. 467. 497. 509. 476. 494. 452. 438. 432. 371. 291. 316. 290. 315.
 309. 292. 272. 279. 289. 274. 246. 246. 235. 234. 246. 236. 226. 254.
 237. 230. 242. 218. 221. 233. 240. 208. 199. 207. 211. 222. 258. 224.
 199. 204. 213. 200. 194. 202. 208. 234. 250. 247. 239. 217. 232. 221.
 221. 223. 219. 215. 278. 240. 246. 221. 220. 222. 247. 242. 239. 244.
 241. 232. 212. 207. 205. 208. 218. 222. 231. 260. 252. 246. 249. 248.
 243. 252. 270. 269. 293. 339. 353. 413. 447. 442. 453. 505. 542. 509.
 489. 447.]"
2022-07-29 19-47-37,"[402. 466. 497. 509. 477. 495. 453. 438. 432. 371. 292. 316. 291. 316.
 309. 292. 272. 279. 288. 274. 246. 246. 235. 235. 248. 237. 226. 255.
 237. 231. 242. 219. 221. 233. 241. 208. 199. 206. 210. 222. 258. 224.
 199. 204. 212. 200. 194. 202. 208. 234. 250. 247. 238. 215. 230. 221.
 220. 222. 219. 214. 277. 240. 246. 220. 219. 222. 248. 242. 239. 244.
 240. 233. 212. 207. 205. 208. 218. 222. 231. 262. 253. 246. 250. 248.
 242. 252. 270. 270. 292. 339. 353. 413. 447. 441. 451. 505. 541. 509.
 489. 446.]"
2022-07-29 19-47-42,"[403. 466. 497. 508. 476. 494. 452. 438. 432. 371. 291. 315. 291. 315.
 309. 292. 272. 279. 289. 274. 246. 246. 235. 236. 248. 237. 227. 256.
 237. 231. 241. 218. 222. 235. 241. 209. 200. 208. 212. 223. 258. 224.
 199. 205. 214. 200. 195. 204. 209. 235. 250. 247. 238. 217. 232. 221.
 221. 223. 220. 215. 277. 240. 246. 221. 221. 223. 248. 242. 239. 244.
 239. 233. 211. 208. 205. 208. 218. 222. 231. 261. 253. 246. 248. 247.
 242. 251. 270. 268. 292. 339. 353. 413. 446. 442. 452. 505. 540. 509.
 489. 447.]"
2022-07-29 19-47-47,"[402. 466. 496. 508. 476. 493. 452. 437. 432. 371. 291. 314. 290. 314.
 308. 291. 272. 279. 288. 273. 246. 246. 235. 235. 248. 237. 226. 255.
 237. 231. 242. 219. 223. 235. 240. 208. 200. 207. 211. 222. 258. 224.
 199. 205. 213. 200. 194. 202. 208. 235. 250. 247. 238. 216. 231. 221.
 220. 223. 220. 215. 278. 240. 246. 221. 219. 222. 248. 243. 239. 243.
 240. 234. 212. 208. 205. 208. 219. 222. 231. 260. 252. 245. 248. 248.
 242. 252. 271. 270. 293. 338. 353. 414. 446. 442. 452. 505. 541. 509.
 489. 447.]"
2022-07-29 19-47-52,"[403. 466. 496. 509. 476. 495. 453. 438. 433. 371. 291. 315. 290. 315.
 309. 292. 272. 279. 289. 274. 246. 246. 236. 234. 247. 237. 226. 255.
 236. 230. 242. 218. 222. 233. 239. 208. 199. 207. 211. 222. 258. 224.
 198. 205. 213. 200. 195. 203. 208. 234. 250. 247. 238. 217. 233. 222.
 221. 223. 219. 215. 278. 240. 246. 221. 220. 223. 249. 242. 239. 244.
 240. 232. 211. 207. 204. 208. 219. 223. 232. 262. 252. 245. 248. 248.
 242. 252. 270. 268. 292. 339. 352. 413. 446. 443. 452. 505. 541. 509.
 489. 447.]"
2022-07-29 19-47-57,"[403. 466. 497. 509. 477. 495. 454. 439. 433. 372. 291. 315. 290. 315.
 308. 292. 272. 279. 289. 273. 245. 247. 235. 234. 247. 237. 226. 255.
 237. 230. 242. 218. 221. 233. 240. 208. 199. 206. 211. 222. 258. 224.
 199. 205. 213. 201. 194. 202. 208. 234. 250. 247. 238. 216. 231. 221.
 221. 223. 219. 215. 277. 240. 246. 220. 219. 222. 248. 242. 238. 244.
 241. 233. 212. 208. 205. 208. 219. 223. 232. 262. 252. 246. 250. 248.
 242. 252. 271. 269. 292. 339. 353. 413. 447. 442. 452. 506. 541. 509.
 488. 447.]"
2022-07-29 19-51-18,"[402. 465. 494. 508. 474. 494. 455. 438. 434. 373. 290. 315. 290. 314.
 309. 292. 272. 278. 289. 274. 246. 248. 237. 236. 248. 239. 227. 255.
 239. 232. 241. 218. 223. 235. 241. 209. 201. 208. 212. 224. 258. 224.
 200. 204. 212. 200. 195. 203. 209. 235. 250. 247. 239. 216. 229. 221.
 221. 223. 220. 216. 279. 240. 246. 221. 220. 223. 251. 243. 240. 244.
 241. 236. 212. 209. 206. 209. 219. 224. 232. 262. 256. 247. 249. 248.
 243. 253. 271. 270. 292. 338. 357. 416. 444. 443. 452. 505. 538. 507.
 487. 448.]"
2022-07-29 19-51-23,"[403. 465. 495. 508. 475. 493. 455. 438. 433. 371. 291. 314. 291. 315.
 309. 292. 272. 279. 288. 274. 246. 249. 237. 237. 249. 238. 227. 254.
 238. 231. 242. 218. 221. 235. 242. 210. 200. 207. 212. 223. 258. 224.
 199. 204. 212. 200. 195. 202. 208. 233. 250. 247. 239. 216. 230. 221.
 221. 223. 220. 215. 278. 240. 246. 222. 220. 224. 251. 244. 240. 243.
 242. 236. 212. 208. 205. 208. 219. 223. 231. 261. 256. 248. 249. 248.
 242. 252. 270. 269. 292. 338. 357. 417. 445. 443. 452. 506. 539. 508.
 487. 447.]"
2022-07-29 19-51-28,"[402. 465. 495. 507. 475. 494. 454. 438. 433. 372. 291. 315. 290. 314.
 309. 292. 272. 279. 288. 274. 247. 249. 238. 236. 248. 239. 227. 254.
 239. 231. 242. 219. 223. 236. 242. 209. 201. 208. 212. 224. 258. 224.
 200. 204. 213. 200. 195. 202. 208. 234. 250. 247. 240. 217. 230. 221.
 221. 223. 220. 215. 277. 240. 246. 221. 220. 224. 251. 244. 240. 243.
 241. 235. 212. 208. 205. 208. 219. 223. 231. 261. 256. 248. 250. 248.
 241. 252. 271. 269. 292. 338. 356. 416. 446. 443. 452. 506. 539. 509.
 488. 448.]"
2022-07-29 19-52-09,"[402. 466. 495. 508. 475. 494. 456. 439. 433. 373. 290. 315. 290. 315.
 309. 291. 274. 279. 289. 275. 246. 249. 237. 236. 248. 238. 227. 254.
 238. 231. 242. 219. 223. 235. 240. 208. 201. 208. 212. 224. 258. 224.
 200. 204. 213. 200. 195. 203. 209. 234. 250. 247. 239. 216. 231. 220.
 222. 223. 221. 215. 278. 239. 246. 221. 220. 223. 252. 244. 240. 244.
 241. 236. 212. 209. 206. 209. 220. 224. 232. 262. 257. 248. 250. 250.
 244. 254. 271. 271. 293. 338. 357. 417. 445. 444. 453. 507. 539. 509.
 488. 447.]"
2022-07-29 19-52-19,"[402. 465. 494. 507. 475. 494. 455. 440. 434. 372. 290. 314. 290. 314.
 308. 292. 273. 279. 289. 274. 246. 248. 237. 236. 248. 239. 228. 255.
 238. 231. 243. 219. 223. 234. 241. 209. 200. 207. 211. 223. 258. 224.
 201. 205. 213. 200. 195. 203. 209. 234. 250. 247. 239. 216. 230. 221.
 222. 223. 220. 216. 278. 240. 246. 222. 220. 223. 251. 243. 240. 244.
 242. 237. 213. 209. 206. 210. 219. 224. 232. 262. 257. 249. 250. 249.
 243. 254. 271. 270. 292. 338. 357. 418. 445. 444. 453. 507. 538. 509.
 488. 449.]"
2022-07-29 19-52-19,"[402. 465. 495. 507. 474. 494. 455. 439. 433. 372. 290. 313. 290. 314.
 309. 291. 272. 279. 289. 273. 246. 247. 237. 236. 248. 238. 227. 255.
 238. 231. 243. 219. 223. 234. 239. 208. 201. 208. 212. 223. 258. 224.
 200. 204. 212. 200. 195. 202. 208. 234. 250. 247. 239. 216. 231. 221.
 221. 224. 221. 216. 278. 240. 246. 221. 221. 224. 252. 244. 240. 244.
 241. 237. 213. 208. 206. 209. 220. 224. 233. 262. 256. 248. 251. 248.
 243. 253. 271. 270. 293. 339. 357. 418. 445. 444. 453. 507. 540. 509.
 488. 448.]"
2022-07-29 19-52-24,"[402. 465. 496. 507. 475. 493. 455. 440. 434. 373. 290. 314. 290. 313.
 308. 291. 273. 280. 289. 274. 246. 248. 237. 236. 248. 238. 228. 255.
 238. 231. 242. 219. 223. 233. 240. 208. 201. 207. 211. 223. 258. 224.
 199. 204. 213. 200. 195. 203. 208. 234. 250. 247. 239. 216. 231. 221.
 222. 224. 220. 215. 277. 240. 246. 222. 220. 223. 252. 243. 240. 244.
 240. 237. 213. 209. 206. 210. 220. 224. 233. 262. 257. 248. 250. 250.
 244. 254. 272. 271. 293. 339. 358. 417. 445. 444. 453. 507. 538. 509.
 487. 448.]"
2022-07-29 19-53-04,"[401. 463. 494. 512. 474. 493. 455. 439. 433. 372. 289. 313. 290. 314.
 307. 291. 273. 280. 287. 273. 247. 249. 237. 235. 248. 238. 228. 255.
 238. 231. 244. 219. 223. 234. 241. 209. 201. 209. 213. 224. 258. 224.
 200. 201. 213. 200. 196. 204. 211. 237. 250. 247. 239. 216. 233. 223.
 224. 224. 222. 217. 279. 242. 246. 223. 221. 224. 253. 243. 241. 246.
 243. 237. 212. 209. 206. 209. 220. 224. 232. 262. 257. 249. 250. 250.
 243. 254. 272. 271. 293. 338. 359. 417. 447. 446. 452. 507. 536. 510.
 486. 449.]"
